,0
Saudi Arabia Puts Oil Back Into the $50s: 5 E&P Stocks to Buy,"With oil breaching the $50 level, we suggest adding five exploration and production companies - Bonanza Creek Energy (BCEI), Diamondback Energy (FANG), W&T Offshore (WTI), Centennial Resource (CDEV) and Evolution Petroleum (EPM) - to your portfolio."
Kinder Morgan's (KMI) Texas Pipeline Begins Commercial Services,"Kinder Morgan (KMI) announces commercial in-service of its Permian Highway Pipeline, with a carrying capacity of up to 2.1 billion cubic feet of natural gas per day."
Optimism Returns to Oil Markets as WTI Crosses $50: 4 E&P Bets,"Saudi Arabia's additional unilateral price cut decision pushes crude prices higher, positioning upstream U.S. companies like W&T Offshore (WTI), Centennial Resource (CDEV), Diamondback (FANG) and Bonanza Creek (BCEI) for substantial growth."
W&T Energy sees $5M/year savings in consolidation of Alabama gas treatment,"W&T Energy (WTI +2.0%) opens higher after providing an operational and financial update.W&T says it has substantially completed the consolidation of its two onshore natural gas treatment facilities that service the Mobile Bay area into the Onshore Treating Facility, which it expects will save ~$5M/year beginning in 2021.The company's bank group completed its scheduled semi-annual borrowing base redetermination, which was set at $190M, a 12% reduction; at year-end 2020, W&T had $80M in borrowings on its revolver, unchanged from the end of Q3.The company also was the high bidder on two shallow blocks in the Gulf of Mexico in November, paying a combined $500K.W&T recently raised its Q4 production forecast to 34.7K-36.9K boe/day vs. previous guidance of 31.5K-35K boe/day."
"8-K Form - Current report, items 1.01, 2.03, and 9.01 - W&T OFFSHORE INC (0001288403) (Filer)","Current report, items 1.01, 2.03, and 9.01"
W&T Offshore (WTI) Announces GoM Lease Awards & 2021 Hedges,W&T Offshore (WTI) consolidates the two onshore natural gas treatment units ¿¿¿ part of the Onshore Treating Facility ¿¿¿ that it acquired from ExxonMobil in 2019.
"Range Resources (RRC) Prices Senior Notes, Upsizes Offerings",Range Resources (RRC) announces an upsize of its previously announced offering of senior notes to $600 million from $500 million.
W&T Offshore Provides Operational and Financial Update,"HOUSTON, Jan. 11, 2021 (GLOBE NEWSWIRE) -- W&T Offshore, Inc. (NYSE: WTI) (“W&T” or the “Company”) today provided an operational and financial update regarding several matters including the..."
SC 13G/A Form - [Amend] Statement of acquisition of beneficial ownership by individuals - W&T OFFSHORE INC (0001288403) (Subject),[Amend] Statement of acquisition of beneficial ownership by individuals
SC 13G/A Form - [Amend] Statement of acquisition of beneficial ownership by individuals - W&T OFFSHORE INC (0001288403) (Subject),[Amend] Statement of acquisition of beneficial ownership by individuals
W&T Offshore Announces Timing of Fourth Quarter and Full Year 2020 Earnings Release and Conference Call,"HOUSTON, Feb. 08, 2021 (GLOBE NEWSWIRE) -- W&T Offshore, Inc. (NYSE: WTI) today announced the timing of its fourth quarter and full year 2020 earnings release and conference call. The..."
EOG Resources (EOG) to Report Q4 Earnings: A Beat in Store?,EOG Resources' (EOG) fourth-quarter results are likely to be supported by higher NGLs and natural gas prices.
Mid-Afternoon Market Update: Nasdaq Surges 150 Points; Calyxt Shares Slide,"Toward the end of trading Friday, the Dow traded up 1.5% to 31,388.89 while the NASDAQ rose 1.18% to 12,874.20. The S&P also rose, gaining 1.62% to 3,829.59. The U.S. has the highest number of coronavirus cases and deaths in the world, reporting a total of 28,827,140 cases with around 520,350..."
"W&T Offshore, Molecular Data lead energy gainers; ReTo Eco-Solutions, Aemetis among major losers","Gainers: W&T Offshore (NYSE:WTI) +18%, Molecular Data MKD +15%, HighPoint Resources (NYSE:HPR) +13%, Talos Energy (NYSE:TALO) +10%, NexTier Oilfield Solutions (NYSE:NEX) +10%.Losers: ReTo Eco-Solutions (NASDAQ:RETO) -25%, Aemetis (NASDAQ:AMTX) -15%, New Concept Energy (NYSEMKT:GBR) -14%, Clean Energy Fuels (NASDAQ:CLNE) -9%, United States Antimony (NYSEMKT:UAMY) -8%."
"SIFY, WTI, OPEN and EVFM among notable midday movers",Gainers: Second Sight Medical Products (NASDAQ:EYES) +337%.AMTD International (NYSE:HKIB) +27%.Sify Technologies Limited (NASDAQ:SIFY) +26%.Boqii Holding Limited (NYSE:BQ) +25%.ChromaDex Corporation (NASDAQ:CDXC) +22%.W&T Offshore (NYSE:WTI) +21%.Anchiano Therapeutics (NASDAQ:ANCN) +18%.Purple Innovation (NASDAQ:PRPL) +19%.Plus Therapeutics (NASDAQ:PSTV) +16%.XTL Biopharmaceuticals (NASDAQ:XTLB) +15%.Losers: Super League Gaming (NASDAQ:SLGG) -39%.Evofem Biosciences (NASDAQ:EVFM) -36%.Calyxt (NASDAQ:CLXT) -30%.IMARA (NASDAQ:IMRA) -25%.Acorda Therapeutics (NASDAQ:ACOR) -25%.Medallia (NYSE:MDLA) -22%.Opendoor Technologies (NASDAQ:OPEN) -21%.Washington Prime Group (NYSE:WPG) -22%.Allied Esports Entertainment (NASDAQ:AESE) -21%.The Dixie Group (NASDAQ:DXYN) -20%.
Mid-Day Market Update: Dow Tumbles Over 100 Points; Sify Technologies Shares Spike Higher,"Midway through trading Friday, the Dow traded down 0.37% to 30,808.38 while the NASDAQ fell 1.75% to 12,500.69. The S&P also fell, dropping 0.71% to 3,741.87. The U.S. has the highest number of coronavirus cases and deaths in the world, reporting a total of 28,827,140 cases with around 520,350..."
54 Stocks Moving In Friday's Mid-Day Session,"Gainers  XTL Biopharmaceuticals Ltd. (NASDAQ: XTLB) shares jumped 45% to $4.19 after dropping more than 10% on Thursday. W&T Offshore, Inc. (NYSE: WTI) gained 22.7% to $4.65 following an OPEC+ agreement to extent output cuts into April. AMTD International Inc. (NASDAQ: HKIB) surged 21% to $5.76..."
Stocks That Hit 52-Week Highs On Friday,"During Friday's morning session, 251 stocks hit new 52-week highs. Facts of Interest:  Bank of America (NYSE:BAC) was the biggest company by market cap to set a new 52-week high. XTL Biopharmaceuticals (NASDAQ:XTLB) was the smallest firm in terms of market cap to set a new 52-week..."
Mid-Morning Market Update: Markets Mixed; Big Lots Earnings Top Views,"Following the market opening Friday, the Dow traded up 0.32% to 31,024.11 while the NASDAQ fell 0.5% to 12,659.24. The S&P also rose, gaining 0.09% to 3,771.85. The U.S. has the highest number of coronavirus cases and deaths in the world, reporting a total of 28,827,140 cases with around 520,..."
82 Biggest Movers From Yesterday,"Gainers  Five Prime Therapeutics, Inc.  (NASDAQ: FPRX) shares surged 78.7% to close at $38.00 on Thursday after Amgen announced plans to acquire the company for $1.9 billion. Super League Gaming, Inc. (NASDAQ: SLGG) gained 69.3% to close at $8.82 after jumping around 30% on Wednesday. Allied..."
"10-K Form - Annual report [Section 13 and 15(d), not S-K Item 405] - W&T OFFSHORE INC (0001288403) (Filer)","Annual report [Section 13 and 15(d), not S-K Item 405]"
Mid-Afternoon Market Update: Nasdaq Tumbles Over 200 Points; Five Prime Therapeutics Shares Spike Higher,"Toward the end of trading Thursday, the Dow traded down 1.07% to 30,935.46 while the NASDAQ fell 1.64% to 12,784.21. The S&P also fell, dropping 1.13% to 3,776.60. The U.S. has the highest number of coronavirus cases and deaths in the world, reporting a total of 28,761,390 cases with around 518..."
"ReTo Eco-Solutions, W&T Offshore lead energy gainers; Aemetis, SandRidge Energy among major losers","Gainers: ReTo Eco-Solutions (NASDAQ:RETO) +25%, W&T Offshore (NYSE:WTI) +13%, Centennial Resource Development (NASDAQ:CDEV) +12%, PDC Energy (NASDAQ:PDCE) +9%, Earthstone Energy (NYSE:ESTE) +9%.Losers: Aemetis (NASDAQ:AMTX) -31%, SandRidge Energy (NYSE:SD) -25%, Piedmont Lithium (NASDAQ:PLL) -23%, HighPoint Resources (NYSE:HPR) -21%, United States Antimony (NYSEMKT:UAMY) -21%."
Mid-Day Market Update: Dow Turns Positive; Schrödinger Shares Plummet,"Midway through trading Thursday, the Dow traded up 0.11% to 31,304.43 while the NASDAQ fell 0.05% to 12,990.83. The S&P also fell, dropping 0.11% to 3,824.01. The U.S. has the highest number of coronavirus cases and deaths in the world, reporting a total of 28,761,390 cases with around 518,450..."
45 Stocks Moving In Thursday's Mid-Day Session,"Gainers  Five Prime Therapeutics, Inc.  (NASDAQ: FPRX) shares jumped 78% to $37.85 after Amgen announced plans to acquire the company for $1.9 billion. Severn Bancorp, Inc. (NASDAQ: SVBI) gained 27.1% to $10.65. Shore Bancshares and Severn Bancorp reported a merger agreement. Allied Esports..."
Mid-Morning Market Update: Markets Open Lower; Kroger Posts Mixed Q4 Results,"Following the market opening Thursday, the Dow traded down 0.22% to 31,202.42 while the NASDAQ fell 1.6% to 12,790.20. The S&P also fell, dropping 0.56% to 3,798.34. The U.S. has the highest number of coronavirus cases and deaths in the world, reporting a total of 28,761,390 cases with around..."
W&T Offshore (WTI) Beats Q4 Earnings & Revenue Estimates,"W&T Offshore (WTI) expects 2021 capital expenditure in the range of $30-$60 million, indicating a sequential rise."
"8-K Form - Current report, items 2.02 and 9.01 - W&T OFFSHORE INC (0001288403) (Filer)","Current report, items 2.02 and 9.01"
"W&T Offshore EPS beats by $0.08, beats on revenue","W&T Offshore (NYSE:WTI): Q4 Non-GAAP EPS of -$0.05 beats by $0.08; GAAP EPS of -$0.06 beats by $0.07.Revenue of $94.75M (-37.6% Y/Y) beats by $12.65M.Produced 38,261 Boe/d, or 3.5M barrels of oil equivalent, in Q4, above the high end of W&T’s guidance range, reflecting an 11% increase Q/Q as production was brought back online from hurricane and other unplanned downtime.Shares +1.75% AH.Press Release"
W&T Offshore Announces Fourth Quarter and Full Year 2020 Results Including Year-End 2020 Proved Reserves and Provides 2021 Guidance,"HOUSTON, March 03, 2021 (GLOBE NEWSWIRE) -- W&T Offshore, Inc. (NYSE: WTI) (“W&T” or the “Company”) today reported operational and financial results for the fourth quarter and full year 2020..."
"Earnings Scheduled For March 3, 2021",Companies Reporting Before The Bell • Brown Forman Inc Class A Common Stock (NYSE:BF) is likely to report earnings for its third quarter. • Brown Forman Inc Class B Common Stock (NYSE:BF) is expected to report quarterly earnings at $0.43 per share on revenue of $902.29 million....
W&T Offshore (WTI) to Report Q4 Earnings: A Beat in Store?,W&T Offshore's (WTI) production recovery positions it for an earnings beat for the fourth quarter.
Perelman’s Vericast to Price New Deal as Leveraged Loans Shine,"The leveraged loan market will continue in full swing next week as investors continue to look for assets that can perform well during a period of rising yields. In junk bonds, Ronald Perelman’s Vericast Corp. is in the market."
W&T Offshore Announces Participation in the Virtual 33rd Annual ROTH Conference,"HOUSTON, March 10, 2021 (GLOBE NEWSWIRE) -- W&T Offshore, Inc. (NYSE: WTI) (“W&T” or the “Company”) today announced that the Company will participate in the Virtual 33rd Annual ROTH..."
"China Green Agriculture, Aemetis leads healthcare gainers; Cactus, W&T Offshore among major losers","Gainers: China Green Agriculture (NYSE:CGA) +26%, Aemetis (NASDAQ:AMTX) +21%, Gevo (NASDAQ:GEVO) +20%, United States Antimony (NYSEMKT:UAMY) +19%, ZK International (NASDAQ:ZKIN) +16%.Losers: Cactus (NYSE:WHD) -16%, W&T Offshore (NYSE:WTI) -11%, NexTier Oilfield Solutions (NYSE:NEX) -11%, Oceaneering International (NYSE:OII) -8%, ProPetro (NYSE:PUMP) -8%."
66 Biggest Movers From Yesterday,"Gainers  Second Sight Medical Products, Inc. (NASDAQ: EYES) shares surged 103.3% to close at $11.77 on Monday on continued momentum from Friday after the company reported FDA approval for its Argus 2s Rentinal Prosthesis Systems. Express, Inc. (NYSE: EXPR) shares jumped 63.8% to close at $4.03..."
Exxon (XOM) Finds No Oil at Bulletwood-1 Well in Offshore Guyana,"Exxon (XOM) hits another dry hole at the Bulletwood-1 well in the Canje Block offshore Guyana, which identified the presence of quality reservoirs and not commercial hydrocarbons."
40 Stocks Moving In Monday's Mid-Day Session,"Gainers  Second Sight Medical Products, Inc. (NASDAQ: EYES) shares jumped 98.1% to $11.47 on continued momentum from Friday after the company reported FDA approval for its Argus 2s Rentinal Prosthesis Systems. Anchiano Therapeutics Ltd. (NASDAQ: ANCN) surged 74.6% to $5.83 on above average volume...."
62 Biggest Movers From Friday,"Gainers  Sify Technologies Limited (NASDAQ: SIFY) surged 45.9% to close at $3.94 on Friday. Blackstone Group is in talks for acquiring a minority stake in India’s ICT service & solution provider Sify Technologies, Bloomberg reported. AMTD International Inc. (NASDAQ: HKIB) jumped 36.6% to..."
Mid-Afternoon Market Update: Nasdaq Surges 150 Points; Calyxt Shares Slide,"Toward the end of trading Friday, the Dow traded up 1.5% to 31,388.89 while the NASDAQ rose 1.18% to 12,874.20. The S&P also rose, gaining 1.62% to 3,829.59. The U.S. has the highest number of coronavirus cases and deaths in the world, reporting a total of 28,827,140 cases with around 520,350..."
"W&T Offshore, Molecular Data lead energy gainers; ReTo Eco-Solutions, Aemetis among major losers","Gainers: W&T Offshore (NYSE:WTI) +18%, Molecular Data MKD +15%, HighPoint Resources (NYSE:HPR) +13%, Talos Energy (NYSE:TALO) +10%, NexTier Oilfield Solutions (NYSE:NEX) +10%.Losers: ReTo Eco-Solutions (NASDAQ:RETO) -25%, Aemetis (NASDAQ:AMTX) -15%, New Concept Energy (NYSEMKT:GBR) -14%, Clean Energy Fuels (NASDAQ:CLNE) -9%, United States Antimony (NYSEMKT:UAMY) -8%."
"SIFY, WTI, OPEN and EVFM among notable midday movers",Gainers: Second Sight Medical Products (NASDAQ:EYES) +337%.AMTD International (NYSE:HKIB) +27%.Sify Technologies Limited (NASDAQ:SIFY) +26%.Boqii Holding Limited (NYSE:BQ) +25%.ChromaDex Corporation (NASDAQ:CDXC) +22%.W&T Offshore (NYSE:WTI) +21%.Anchiano Therapeutics (NASDAQ:ANCN) +18%.Purple Innovation (NASDAQ:PRPL) +19%.Plus Therapeutics (NASDAQ:PSTV) +16%.XTL Biopharmaceuticals (NASDAQ:XTLB) +15%.Losers: Super League Gaming (NASDAQ:SLGG) -39%.Evofem Biosciences (NASDAQ:EVFM) -36%.Calyxt (NASDAQ:CLXT) -30%.IMARA (NASDAQ:IMRA) -25%.Acorda Therapeutics (NASDAQ:ACOR) -25%.Medallia (NYSE:MDLA) -22%.Opendoor Technologies (NASDAQ:OPEN) -21%.Washington Prime Group (NYSE:WPG) -22%.Allied Esports Entertainment (NASDAQ:AESE) -21%.The Dixie Group (NASDAQ:DXYN) -20%.
Mid-Day Market Update: Dow Tumbles Over 100 Points; Sify Technologies Shares Spike Higher,"Midway through trading Friday, the Dow traded down 0.37% to 30,808.38 while the NASDAQ fell 1.75% to 12,500.69. The S&P also fell, dropping 0.71% to 3,741.87. The U.S. has the highest number of coronavirus cases and deaths in the world, reporting a total of 28,827,140 cases with around 520,350..."
54 Stocks Moving In Friday's Mid-Day Session,"Gainers  XTL Biopharmaceuticals Ltd. (NASDAQ: XTLB) shares jumped 45% to $4.19 after dropping more than 10% on Thursday. W&T Offshore, Inc. (NYSE: WTI) gained 22.7% to $4.65 following an OPEC+ agreement to extent output cuts into April. AMTD International Inc. (NASDAQ: HKIB) surged 21% to $5.76..."
Stocks That Hit 52-Week Highs On Friday,"During Friday's morning session, 251 stocks hit new 52-week highs. Facts of Interest:  Bank of America (NYSE:BAC) was the biggest company by market cap to set a new 52-week high. XTL Biopharmaceuticals (NASDAQ:XTLB) was the smallest firm in terms of market cap to set a new 52-week..."
Mid-Morning Market Update: Markets Mixed; Big Lots Earnings Top Views,"Following the market opening Friday, the Dow traded up 0.32% to 31,024.11 while the NASDAQ fell 0.5% to 12,659.24. The S&P also rose, gaining 0.09% to 3,771.85. The U.S. has the highest number of coronavirus cases and deaths in the world, reporting a total of 28,827,140 cases with around 520,..."
82 Biggest Movers From Yesterday,"Gainers  Five Prime Therapeutics, Inc.  (NASDAQ: FPRX) shares surged 78.7% to close at $38.00 on Thursday after Amgen announced plans to acquire the company for $1.9 billion. Super League Gaming, Inc. (NASDAQ: SLGG) gained 69.3% to close at $8.82 after jumping around 30% on Wednesday. Allied..."
Here's Why W&T Offshore (WTI) is an Attractive Investment Bet Now,Improving oil price continues to aid W&T Offshore (WTI).
Telecoms Spending on 5G May Open Door for More Bond Deals,Corporate credit investors are bracing for another busy week in primary markets after Verizon Communications Inc. sold the largest investment-grade bond of the year.
DEFA14A Form - Additional definitive proxy soliciting materials and Rule 14(a)(12) material - W&T OFFSHORE INC (0001288403) (Filer),Additional definitive proxy soliciting materials and Rule 14(a)(12) material
DEF 14A Form - Other definitive proxy statements - W&T OFFSHORE INC (0001288403) (Filer),Other definitive proxy statements
"W&T Offshore Announces Issuance of Inaugural Environmental, Social and Governance Report","HOUSTON, March 25, 2021 (GLOBE NEWSWIRE) -- W&T Offshore, Inc. (NYSE: WTI) (“W&T” or the “Company”) today announced that the Company has issued its inaugural Environmental, Social and..."
These Stocks Are More of a Gamble Than an Investment — and the #1 Is a Reddit Favorite,A screen of so-called lottery stocks finds a list led by a dry-bulk shipping company.
W&T Offshore Announces Timing of First Quarter 2021 Earnings Release and Conference Call,"HOUSTON, April 19, 2021 (GLOBE NEWSWIRE) -- W&T Offshore, Inc. (NYSE:WTI) today announced the timing of its first quarter 2021 earnings release and conference call. The Company said it will issue its first quarter 2021 earnings release on Tuesday, M"
W&T Offshore (WTI) to Report Q1 Earnings: What Lies Ahead?,Lower production and increased uncertainty in international markets are expected to have affected W&T Offshore's (WTI) first-quarter earnings.
Magellan (MMP) Divests 50% Pasadena Marine Terminal Interest,"Magellan (MMP) announces the sale of nearly half of its membership interest in its marine terminal joint venture, MVP Terminalling, for $270 million."
4 Form - Statement of changes in beneficial ownership of securities - W&T OFFSHORE INC (0001288403) (Issuer),Statement of changes in beneficial ownership of securities
4 Form - Statement of changes in beneficial ownership of securities - W&T OFFSHORE INC (0001288403) (Issuer),Statement of changes in beneficial ownership of securities
4 Form - Statement of changes in beneficial ownership of securities - W&T OFFSHORE INC (0001288403) (Issuer),Statement of changes in beneficial ownership of securities
3 Form - Initial statement of beneficial ownership of securities - W&T OFFSHORE INC (0001288403) (Issuer),Initial statement of beneficial ownership of securities
10-Q Form - Quarterly report [Sections 13 or 15(d)] - W&T OFFSHORE INC (0001288403) (Filer),Quarterly report [Sections 13 or 15(d)]
"W&T Offshore, Inc. to Host Earnings Call","NEW YORK, NY / ACCESSWIRE / May 5, 2021 / W&T Offshore, Inc. (NYSE:WTI) will be discussing their earnings results in their 2021 First Quarter Earnings call to be held on May 5, 2021 at 10:00 AM Eastern Time. To listen to the event live or access a repla"
"8-K Form - Current report, items 2.02 and 9.01 - W&T OFFSHORE INC (0001288403) (Filer)","Current report, items 2.02 and 9.01"
"W&T Offshore EPS beats by $0.06, beats on revenue",W&T Offshore (NYSE:WTI): Q1 Non-GAAP EPS of $0.11 beats by $0.06; GAAP EPS of -$0.01 misses by $0.06.Revenue of $125.6M (+1.2% Y/Y) beats by $11.4M.Press Release
W&T Offshore Announces First Quarter 2021 Results,"HOUSTON, May 04, 2021 (GLOBE NEWSWIRE) -- W&T Offshore, Inc. (NYSE:WTI) (""W&T"" or the ""Company"") today reported operational and financial results for the first quarter 2021. Key highlights included: Produced 39,657 barrels of oil equivalent per"
"Earnings Scheduled For May 4, 2021",Companies Reporting Before The Bell • Lancaster Colony (NASDAQ:LANC) is likely to report quarterly earnings at $1.24 per share on revenue of $340.02 million. • USA Compression Partners (NYSE:USAC) is projected to report quarterly loss at $0.11 per share on revenue of $159.85...
W&T Offshore (WTI) to Report Q1 Earnings: What Lies Ahead?,Lower production and increased uncertainty in international markets are expected to have affected W&T Offshore's (WTI) first-quarter earnings.
W&T Offshore (WTI) Rises 3.6% as Q1 Earnings Beat Estimates,Higher commodity price realizations aid W&T Offshore (WTI) in Q1 earnings.
4 Form - Statement of changes in beneficial ownership of securities - W&T OFFSHORE INC (0001288403) (Issuer),Statement of changes in beneficial ownership of securities
"8-K Form - Current report, items 5.02 and 5.07 - W&T OFFSHORE INC (0001288403) (Filer)","Current report, items 5.02 and 5.07"
4 Form - Statement of changes in beneficial ownership of securities - W&T OFFSHORE INC (0001288403) (Issuer),Statement of changes in beneficial ownership of securities
4 Form - Statement of changes in beneficial ownership of securities - W&T OFFSHORE INC (0001288403) (Issuer),Statement of changes in beneficial ownership of securities
4 Form - Statement of changes in beneficial ownership of securities - W&T OFFSHORE INC (0001288403) (Issuer),Statement of changes in beneficial ownership of securities
3 Form - Initial statement of beneficial ownership of securities - W&T OFFSHORE INC (0001288403) (Issuer),Initial statement of beneficial ownership of securities
W&T Offshore (WTI) Announces Transactions With SPVs & MRRF,W&T Offshore (WTI) said that the transaction is meant to enhance its capital structure.
W&T Offshore transfers Mobile Bay producing assets to SPVs,"W&T Offshore (NYSE:WTI) says it transferred 100% of its Mobile Bay Area producing assets to its special purpose vehicles in return for net cash proceeds from a $215M first-lien non-recourse term loan.W&T says it retains the upside value in the Mobile Bay assets through its 100% ownership in the SPVs.The company says part of the proceeds will be used to repay the $48M outstanding balance on its reserve-based lending facility and to enter into commodity hedging contracts related to anticipated future Mobile Bay production.W&T Offshore's asset values suggest the shares may be underpriced, but leverage and debt maturities are not favorable, The Energy Realist writes in a newly published neutral analysis on Seeking Alpha."
W&T Offshore Announces Enhancement to Capital Structure,"HOUSTON, May 20, 2021 (GLOBE NEWSWIRE) -- W&T Offshore, Inc. (NYSE:WTI) (""W&T"" or the ""Company"") today announced that it has enhanced its capital structure by entering into a transaction with its wholly-owned special purpose vehicles (the ""SPVs"") and M"
"8-K Form - Current report, items 1.01, 7.01, 8.01, and 9.01 - W&T OFFSHORE INC (0001288403) (Filer)","Current report, items 1.01, 7.01, 8.01, and 9.01"
W&T Offshore (WTI) Announces Transactions With SPVs & MRRF,W&T Offshore (WTI) said that the transaction is meant to enhance its capital structure.
W&T Offshore Announces Participation in Upcoming Investor Conferences,"HOUSTON, June 07, 2021 (GLOBE NEWSWIRE) -- W&T Offshore, Inc. (NYSE:WTI) (""W&T"" or the ""Company"") today announced that the Company will be participating in two upcoming investor conferences. The Company's senior management will be hosting virtual on"
Chevron shuts Gulf of Mexico offshore platforms ahead of storm,"Chevron (CVX -2.8%) says it has temporarily shut production from two Gulf of Mexico oil and gas platforms and evacuated some staff in an anticipation of a tropical storm expected to make landfall in southeast Louisiana.Chevron says it transported all non-essential personnel from the Big Foot, Jack/St. Malo and Tahiti platforms, and pulled all personnel from its Genesis facilityWhile production is halted at Jack/St. Malo and Tahiti, the company says output at its other operated GoM assets remains at normal levels, and production at Jack/St. Malo and Tahiti are expected to return to full levels over the weekend.Other producers in the Gulf, including BP, Royal Dutch Shell (RDS.A, RDS.B) and W&T Offshore (NYSE:WTI), say they are monitoring the situation.Cheniere Energy (NYSE:LNG), with facilities at Sabine Pass in Louisiana and Corpus Christi in Texas, also will continue to monitor the storm.Chevron's recently raised quarterly dividend is ""not compatible"" with its credit risks, Fun Trading writes in a newly published analysis on Seeking Alpha."
Chevron shuts Gulf of Mexico offshore platforms ahead of storm,"Chevron (CVX -2.8%) says it has temporarily shut production from two Gulf of Mexico oil and gas platforms and evacuated some staff in an anticipation of a tropical storm expected to make landfall in southeast Louisiana.Chevron says it transported all non-essential personnel from the Big Foot, Jack/St. Malo and Tahiti platforms, and pulled all personnel from its Genesis facilityWhile production is halted at Jack/St. Malo and Tahiti, the company says output at its other operated GoM assets remains at normal levels, and production at Jack/St. Malo and Tahiti are expected to return to full levels over the weekend.Other producers in the Gulf, including BP, Royal Dutch Shell (RDS.A, RDS.B) and W&T Offshore (NYSE:WTI), say they are monitoring the situation.Cheniere Energy (NYSE:LNG), with facilities at Sabine Pass in Louisiana and Corpus Christi in Texas, also will continue to monitor the storm.Chevron's recently raised quarterly dividend is ""not compatible"" with its credit risks, Fun Trading writes in a newly published analysis on Seeking Alpha."
Stocks That Hit 52-Week Highs On Thursday,This morning 158 companies set new 52-week highs. Intriguing Points:  NVIDIA (NASDAQ:NVDA) was the largest firm on a market cap basis to set a new 52-week high. The smallest company in terms of market cap to set a new 52-week high was HV Bancorp (NASDAQ:HVBC). Staffing 360 Solutions (...
4 Form - Statement of changes in beneficial ownership of securities - W&T OFFSHORE INC (0001288403) (Issuer),Statement of changes in beneficial ownership of securities
4 Form - Statement of changes in beneficial ownership of securities - W&T OFFSHORE INC (0001288403) (Issuer),Statement of changes in beneficial ownership of securities
4 Form - Statement of changes in beneficial ownership of securities - W&T OFFSHORE INC (0001288403) (Issuer),Statement of changes in beneficial ownership of securities
4 Form - Statement of changes in beneficial ownership of securities - W&T OFFSHORE INC (0001288403) (Issuer),Statement of changes in beneficial ownership of securities
4 Form - Statement of changes in beneficial ownership of securities - W&T OFFSHORE INC (0001288403) (Issuer),Statement of changes in beneficial ownership of securities
W&T Offshore Announces Timing of Second Quarter 2021 Earnings Release and Conference Call,"HOUSTON, July 22, 2021 (GLOBE NEWSWIRE) -- W&T Offshore, Inc. (NYSE:WTI) today announced the timing of its second quarter 2021 earnings release and conference call. The Company said it will issue its second quarter 2021 earnings release on Tuesd"
Exxon (XOM) Signs MoU to Join Acorn CCS Project in Scotland,Exxon's (XOM) participation in the project will help identify the potential of technology-driven solutions to reduce emissions by building on its long-term experience with carbon capture and storage.
Petrobras (PBR) Gives Preliminary Production Results for 2Q21,Petrobras (PBR) witnesses strong growth in gasoline and diesel demand in Brazil in the second quarter of 2021.
"EnerCom's The Oil & Gas Conference® Brings a Broad Group of Public and Private Energy Companies, Energy Analysts, Industry Leaders and Investors to Denver, August 15-18, 2021","DENVER, July 28, 2021 /PRNewswire/ -- Institutional investors, portfolio managers, financial analysts, CIOs and other investment community professionals who invest in the energy space should register now for The Oil & Gas Conference® which will take pl"
"Hess (HES) Beats on Q2 Earnings, Discovers New Oil in Guyana",Hess' (HES) strong second-quarter results are supported by higher commodity price realizations.
"Range Resources (RRC) Q2 Earnings In Line, Budget Intact","Range Resources' (RRC) second-quarter earnings are supported by a massive increase in commodity prices, and decreased exploration costs as well as direct operating expenses."
"Roth Capital Maintains Buy on W&T Offshore, Raises Price Target to $5.5",Roth Capital analyst John White maintains W&T Offshore with a Buy and raises the price target from $4.5 to $5.5.
88 Biggest Movers From Yesterday,"Gainers  BeyondSpring Inc. (NASDAQ: BYSI) shares climbed 176% to close at $26.58 on Wednesday in reaction to topline data from DUBLIN-3 Phase 3 trial evaluating plinabulin in combination with docetaxel. The data showed that compared to docetaxel alone, the combination increased the overall survival..."
10-Q Form - Quarterly report [Sections 13 or 15(d)] - W&T OFFSHORE INC (0001288403) (Filer),Quarterly report [Sections 13 or 15(d)]
58 Stocks Moving In Wednesday's Mid-Day Session,"Gainers  BeyondSpring Inc. (NASDAQ: BYSI) shares jumped 148.2% to $23.91 in reaction to topline data from DUBLIN-3 Phase 3 trial evaluating plinabulin in combination with docetaxel. The data showed that compared to docetaxel alone, the combination increased the overall survival (primary endpoint)..."
"W&T Offshore EPS misses by $0.07, beats on revenue","W&T Offshore (NYSE:WTI): Q2 Non-GAAP EPS of $0.02 misses by $0.07; GAAP EPS of -$0.36 misses by $0.47.Revenue of $132.82M (+140.4% Y/Y) beats by $10.78M.Produced 40,888 barrels of oil equivalent per day, or 3.7 million Boe (45% liquids), in Q'221, above the midpoint of W&T’s guidance range and reflecting a 3% increase from Q1'21.Q2 free cash flow totaled $18.7M, compared with $20.8M in the year-ago quarter and $39.98M in previous quarter.Press Release"
"8-K Form - Current report, items 2.02 and 9.01 - W&T OFFSHORE INC (0001288403) (Filer)","Current report, items 2.02 and 9.01"
W&T Offshore Announces Second Quarter 2021 Results,"HOUSTON, Aug. 03, 2021 (GLOBE NEWSWIRE) -- W&T Offshore, Inc. (NYSE:WTI) (""W&T"" or the ""Company"") today reported operational and financial results for the second quarter 2021. Key highlights included: Produced 40,888 barr"
"Earnings Scheduled For August 3, 2021",Companies Reporting Before The Bell • Myriad Genetics (NASDAQ:MYGN) is likely to report earnings for its fourth quarter. • Stellantis (NYSE:STLA) is expected to report earnings for its second quarter. • loanDepot (NYSE:LDI) is estimated to report quarterly earnings at $0.54...
Pioneer Natural (PXD) Q2 Earnings & Revenues Miss Estimates,Higher operating expenses hurt Pioneer Natural's (PXD) Q2 earnings.
W&T Offshore (WTI) Down 18% Since Q2 Earnings Miss Estimates,"W&T Offshore (WTI) narrows total production expectation to 39,000-41,000 Boe/d from the previous guidance."
W&T Offshore to Participate in Upcoming Investor Conferences,"HOUSTON, Aug. 11, 2021 (GLOBE NEWSWIRE) -- W&T Offshore, Inc. (NYSE:WTI) (""W&T"" or the ""Company"") today announced that the Company will be participating in two upcoming investor conferences. The Company will participate in EnerCom, Inc.'s The Oil an"
3 Penny Stocks Insiders Are Buying,"When insiders purchase or sell shares, it indicates their confidence or concern around the company's prospects. Investors and traders interested in penny stocks can consider this a factor in their overall investment or trading decision. Below is a look at a few recent notable insider..."
4 Form - Statement of changes in beneficial ownership of securities - W&T OFFSHORE INC (0001288403) (Issuer),Statement of changes in beneficial ownership of securities
W&T Offshore to Participate in Barclays CEO Energy-Power Conference,"HOUSTON, Sept. 02, 2021 (GLOBE NEWSWIRE) -- W&T Offshore, Inc. (NYSE:WTI) (""W&T"" or the ""Company"") today announced that the Company will participate in the virtual Barclays CEO Energy-Power Conference on Thursday, September 9, 2021. Chairman and Chi"
W&T Offshore Looks Promising After De-Risking Event And Recent Correction,
53 Biggest Movers From Yesterday,"Gainers  DICE Therapeutics, Inc. (NASDAQ: DICE) shares surged 117% to settle at $36.89 on Wednesday as the company priced its IPO at $17 per share. PROCEPT BioRobotics Corporation (NASDAQ: PRCT) gained 67.8% to close at $41.94 after pricing IPO at $25 per share. Tyra Biosciences, Inc. (NASDAQ: TYRA..."
Mid-Day Market Update: Crude Oil Surges 3%; Kaival Brands Shares Plunge,"Midway through trading Wednesday, the Dow traded up 0.16% to 34,633.63 while the NASDAQ fell 0.02% to 15,035.07. The S&P also rose, gaining 0.19% to 4,451.27. The U.S. has the highest number of coronavirus cases and deaths in the world, reporting a total of 41,367,770 cases with around 663,960..."
38 Stocks Moving In Wednesday's Mid-Day Session,"Gainers  Indaptus Therapeutics, Inc. (NASDAQ: INDP) shares jumped 177.2% to $19.60 after the company announced the United States Patent and Trademark Office has issued a notice of allowance for claims related to the company's platform technology. Tyra Biosciences, Inc. (NASDAQ: TYRA) surged 52...."
S-3 Form - Registration statement under Securities Act of 1933 - W&T OFFSHORE INC (0001288403) (Filer),Registration statement under Securities Act of 1933
Asia-Pacific stocks advance as China’s factory prices rise more than expected,"Japan +1.22%. August final industrial production -3.6% vs -3.2% m/m prelimChina +0.15%. China September CPI 0.7% y/y vs. expected 0.9%; PPI 10.7% vs. expected 10.5%.People's Bank of China sets USD/ CNY reference rate for today at 6.4412 vs. estimate at 6.4372.Hong Kong flat.Australia +0.87% Jobs report: Employment Change: -138K vs. expected -120K prior -146.3K; Unemployment Rate: 4.6% for a beat but above the previous month expected 4.8%, prior 4.5%.Number of people employed is back around where it was in December 2020 and back beneath its pre-pandemic level.Australian Consumer Inflation Expectations October: 3.6% vs. prior 4.4%.Overnight on Wall Street, Dow Jones 0% to 34,377.81, S&P 500 +0.33% to 4,365.00 and Nasdaq +0.73% to 14,571.60.Goldman Sachs expect a Fed mid-November taper, $15bn monthly pace to conclude in the middle of 2022.""Rising energy prices will increase business costs and narrow profit margins of companies around the world,"" said Richard Martin, managing director of IMA Asia.Oil prices rose, reversing previous losses, on expectations that high natural gas prices as winter approaches may drive a switch to oil to meet heating demand needs.Brent crude futures gained 28 cents, or 0.3%, to $83.46 a barrel at 0107 GMT.U.S. West Texas Intermediate (NYSE:WTI) crude futures climbed 22 cents, or 0.3%, to $80.66 a barrel.Gold prices hovered near a one-month peak as the dollar and longer-dated Treasury yields retreated from recent highs following hotter-than-expected U.S. inflation data.Spot gold was little changed at $1,793.72 per ounce by 0100 GMT, while U.S. gold futures slipped 0.1% to $1,792.20.Spot silver rose 0.1% to $23.09 per ounce, while Platinum was flat at $1,019.68 and palladium eased 0.1% to $2,103.81U.S. stock futures mixed. Dow Jones +0.28%; S&P 500 +0.32%; Nasdaq +0.39%."
Asia-Pacific stocks mixed; China property stocks rally as Evergrande makes payment,"Japan +0.21%. Japan CPI data for September, headline +0.2% y/y (vs. expected -0.8%), inflation carries on the tradition of being well below the Bank of Japan target (2%).Markit Japan preliminary PMI for October, Manufacturing 53.0 vs. expected 51.4 and prior 51.5; Services 50.7vs. prior 47.8; Composite 50.7 vs. prior 47.4.China +0.09%. China's Securities Times reported Evergrande has paid $83.5m bond interest payment due September 23 (with a 30 day grace period), there is another due next Friday (October 29).Hong Kong +0.44%.Australia -0.03%. Australia preliminary PMIs October: Manufacturing 57.3 vs. expected 58.6 and prior 56.8, Services 52.0 vs. expected 51.1 and prior 45.5, Composite 52.2 vs. prior 46.5.Overnight on Wall Street, Dow Jones -0.02% to 35,601.96, S&P 500 +0.33% to 4,551.00 and Nasdaq +0.62% to 15,215.70.Oil prices resumed their climb on continued tightness in U.S. supply, but were headed for a flat finish on the week as coal and gas prices eased, curbing fuel-switching which had stoked demand for oil products for power.U.S. West Texas Intermediate (NYSE:WTI) crude futures rose 20 cents, or 0.2%, to $82.70 a barrel at 0148 GMT. Brent crude futures climbed 24 cents, or 0.3%, to $84.85 a barrel.Gold inched higher and was poised for a second weekly gain, as a softer dollar provided some respite against higher U.S. bond yields and rising expectations that central banks could begin easing economic support.Spot gold rose 0.1% to $1,785.00 per ounce by 0216 GMT, U.S. gold futures edged 0.2% higher to $1,786.00.Spot silver rose 0.2% to $24.18 an ounce and was on track for a fifth consecutive weekly gain, while platinum was up 0.5% at $1,053.80 per ounce and palladium gained 1% to $2,037.56.U.S. stock futures down. Dow Jones +0.03%; S&P 500 -0.10%; Nasdaq -0.49%."
"Asia-Pacific stocks mixed, China stocks rise as property and coal shares boost","Japan -1.54%. China +0.46%. China Evergrande prop services shares to recommence trading today - the firm has not been on an improving trend, with the sale of its property services unit having fallen through earlier in the week and is indicating down 8% opening level.China stocks rose as property and coal shares rebounded, after assurances from officials eased worries over the real estate sector.Hong Kong -0.29%.Australia +0.06%. Australia NAB business confidence for Q3 falls to -1 vs. prior 18.High-frequency labour market data shows improvement, up 0.2% in the fortnight up to 25 September 2021 and down 0.6% in the previous fortnight (to 11 September 2021).Overnight on Wall Street, Dow Jones +0.43% to 35,609.93, S&P 500 +0.4% to 4,537.59 and Nasdaq -0.06% to 15,119.30.New Zealand credit card spending for September -12.9% y/y vs. prior -6.3%.South Korea's wholesale prices rose at their fastest since 2011 in September, PPI for September +7.5% y/y (August was +7.4%); +0.2% m/m (August +0.5%).Oil prices edged higher, rebounding from early losses after U.S. crude stockpiles unexpectedly fell and inventories at the nation’s largest storage site hit their lowest level in three years.Brent crude futures rose 74 cents, or 0.87%, to $85.82 a barrel, November U.S. West Texas Intermediate (NYSE:WTI) crude, which expires on Wednesday, settled 1.1% higher at $83.87 per barrel.Gold prices rose for a third straight session as a softer dollar lifted bullion’s appeal, while investors assessed whether higher inflation would prompt central banks to raise interest rates sooner than expected.Spot gold rose 0.2% to $1,785.79 per ounce by 0355 GMT, U.S. gold futures were up 0.1% at $1,786.20.Spot silver rose 0.5% to $24.39 an ounce. Platinum gained 0.8% to $1,058.49 and palladium rose 0.9% to $2,089.60.U.S. stock futures down. Dow Jones -0.21%; S&P 500 -0.24%; Nasdaq -0.33%."
"Permian Basin Royalty, Clearwater Paper lead energy/material gainers; Peabody Energy, WD-40 among major losers","Gainers: Permian Basin Royalty (NYSE:PBT) +18%, Clearwater Paper (NYSE:CLW) +12%, W&T Offshore (NYSE:WTI) +11%, Uranium Energy (NYSE:UEC) +9%, Save Foods (NASDAQ:SVFD) +8%.Losers: Peabody Energy (NYSE:BTU) -11%, WD-40 (NASDAQ:WDFC) -9%, New Fortress Energy (NASDAQ:NFE) -7%, Baker Hughes (NYSE:BKR) -6%."
"Stifel Upgrades W&T Offshore to Buy, Raises Price Target to $6.9",Stifel analyst Michael Scialla upgrades W&T Offshore from Hold to Buy and raises the price target from $5.1 to $6.9.
"W&T Offshore's (WTI) Q3 Production Guidance Cut, LOE to Rise",W&T Offshore (WTI) has recovered the majority of Hurricane Ida-related affected production throughout September.
"8-K Form - Current report, items 2.02 and 9.01 - W&T OFFSHORE INC (0001288403) (Filer)","Current report, items 2.02 and 9.01"
W&T Offshore sees 'vast majority' of storm-affected output restored in Q4,"curraheeshutter/iStock via Getty Images W&T Offshore (NYSE:WTI) +0.9% post-market after guiding Q4 production of 34.8K-38.5K boe/day (56% natural gas), after as much as 80% of production was shut-in during Q3 as a result of Hurricane Ida. W&T says most of its affected production has been restored, but the company estimates Ida resulted in a temporary reduction of 5,500 boe/day for Q3. Q4 production guidance assumes the Big Bend and Dantzler wells are returned to production by the end of October as expected and that ""the vast majority"" of remaining hurricane-impacted output will return online by the end of 2021. Through October 16, W&T estimates it has averaged 35.9K boe/day net for the month of October. W&T Offshore's operational metrics have further improved, and perceived risks to drilling on federal lands may also have been exaggerated, The Energy Realist writes in a bullish analysis posted on Seeking Alpha."
W&T Offshore Provides Operational Update and Announces Timing of Third Quarter Earnings Reporting,"HOUSTON, Oct. 18, 2021 (GLOBE NEWSWIRE) -- W&T Offshore, Inc. (NYSE:WTI) (""W&T"" or the ""Company"") today provided an operational update and announced the timing of its third quarter 2021 earnings release and conference call. Operations Update"
"Asia-Pacific stocks rise; China's Q3 GDP misses estimates on power crunch, property woes","Japan +1.81%. China +0.40%. September activity data; Industrial production 3.1% y/y vs. expected 4.5% and previous: 5.3%; Retail Sales 4.4% y/y vs. expected: 3.3% and previous: 2.5%; Unemployment rate in September 4.9% vs. 5.1% expected and prior of 5.1%. China Q3 GDP see it lower again in Q4 to +0.2% q/q a miss vs. expected +0.5% and prior was +1.3%, hit by power shortages, supply chain bottlenecks and major wobbles in the property market and raising pressure on policymakers to do more to prop up the faltering recovery.China Sept coal output 334.1 mln T vs Aug’s 335.24 mln T, Sept output down 0.9% from year earlier.People's Bank of China sets USD/ CNY reference rate for today at 6.4300 vs. estimate at 6.4295.Hong Kong +1.48%.Australia +0.69%.Friday on Wall Street, Dow Jones rose +1.09% to 35,294.76, S&P 500 rose +0.73% to 4,470.73 and Nasdaq rose +0.5% to 14,897.30.New Zealand Q3 CPI 2.2% q/q vs. expected 1.4% q/q and prior 1.3% .New Zealand services PMI for September 46.9 vs. prior 35.6.Singapore data: Non-oil Domestic Exports (NODX) +1.2% m/m vs. prior -3.6%.Oil (NYSE:WTI) futures up $1, and in China copper & coal higher while iron ore is lower.Oil prices hit their highest in years as demand continues its recovery from the COVID-19 pandemic, boosted by more custom from power generators turning away from expensive gas and coal to fuel oil and diesel.Brent crude oil futures rose 87 cents, or 1%, to $85.73 a barrel by 0111 GMT, the highest price since October 2018.U.S. West Texas Intermediate (WTI) crude futures climbed $1.12, or 1.4%, to $83.40 a barrel, highest since October 2014.Gold prices were nearly flat, struggling to recover from a steep sell-off in the previous session as both U.S. bond yields and the dollar climbed, further weighing on bullion.Spot gold was little changed at $1,768.06 per ounce by 0418 GMT, after slipping 1.6% on Friday, U.S. gold futures were flat at $1,767.80.Spot silver rose 0.1% to $23.31 per ounce, while platinum eased 0.4% to $1,050.76 and palladium fell 0.4% to $2,063.55.U.S. stock futures down. Dow Jones -0.01%; S&P 500 -0.12%; Nasdaq -0.26%."
EFFECT Form - Notice of Effectiveness - W&T OFFSHORE INC (0001288403) (Filer),Notice of Effectiveness
Asia-Pacific stocks mixed; China property stocks rally as Evergrande makes payment,"Japan +0.21%. Japan CPI data for September, headline +0.2% y/y (vs. expected -0.8%), inflation carries on the tradition of being well below the Bank of Japan target (2%).Markit Japan preliminary PMI for October, Manufacturing 53.0 vs. expected 51.4 and prior 51.5; Services 50.7vs. prior 47.8; Composite 50.7 vs. prior 47.4.China +0.09%. China's Securities Times reported Evergrande has paid $83.5m bond interest payment due September 23 (with a 30 day grace period), there is another due next Friday (October 29).Hong Kong +0.44%.Australia -0.03%. Australia preliminary PMIs October: Manufacturing 57.3 vs. expected 58.6 and prior 56.8, Services 52.0 vs. expected 51.1 and prior 45.5, Composite 52.2 vs. prior 46.5.Overnight on Wall Street, Dow Jones -0.02% to 35,601.96, S&P 500 +0.33% to 4,551.00 and Nasdaq +0.62% to 15,215.70.Oil prices resumed their climb on continued tightness in U.S. supply, but were headed for a flat finish on the week as coal and gas prices eased, curbing fuel-switching which had stoked demand for oil products for power.U.S. West Texas Intermediate (NYSE:WTI) crude futures rose 20 cents, or 0.2%, to $82.70 a barrel at 0148 GMT. Brent crude futures climbed 24 cents, or 0.3%, to $84.85 a barrel.Gold inched higher and was poised for a second weekly gain, as a softer dollar provided some respite against higher U.S. bond yields and rising expectations that central banks could begin easing economic support.Spot gold rose 0.1% to $1,785.00 per ounce by 0216 GMT, U.S. gold futures edged 0.2% higher to $1,786.00.Spot silver rose 0.2% to $24.18 an ounce and was on track for a fifth consecutive weekly gain, while platinum was up 0.5% at $1,053.80 per ounce and palladium gained 1% to $2,037.56.U.S. stock futures down. Dow Jones +0.03%; S&P 500 -0.10%; Nasdaq -0.49%."
10-Q Form - Quarterly report [Sections 13 or 15(d)] - W&T OFFSHORE INC (0001288403) (Filer),Quarterly report [Sections 13 or 15(d)]
"8-K Form - Current report, items 2.02 and 9.01 - W&T OFFSHORE INC (0001288403) (Filer)","Current report, items 2.02 and 9.01"
W&T Offshore Announces Third Quarter 2021 Results and Changes to Credit Agreement,"HOUSTON, Nov. 02, 2021 (GLOBE NEWSWIRE) -- W&T Offshore, Inc. (NYSE:WTI) (""W&T"" or the ""Company"") today reported operational and financial results for the third quarter 2021. The Company also announced it had entered into amendments of its Sixth Amende"
"Earnings Scheduled For November 2, 2021",Companies Reporting Before The Bell • Thomson Reuters (NYSE:TRI) is expected to report quarterly earnings at $0.48 per share on revenue of $1.86 billion. • National Retail Props (NYSE:NNN) is projected to report quarterly earnings at $0.41 per share on revenue of $178.71 million....
W&T Offshore (WTI) Up 1.7% Since Q3 Earnings Beat Estimates,"For fourth-quarter 2021, W&T Offshore (WTI) expects total production within 34.8-38.5 MBoe/d."
W&T Offshore Apparent High Bidder on Two Gulf of Mexico Blocks in Lease Sale 257 and Announces Participation in Upcoming Investor Conferences,"HOUSTON, Nov. 19, 2021 (GLOBE NEWSWIRE) -- W&T Offshore, Inc. (NYSE:WTI) (""W&T"" or the ""Company"") today announced that the Company was the apparent high bidder on two blocks in the Gulf of Mexico Lease Sale 257 held by the Bureau of Ocean Energy Manage"
W&T Offshore Apparent High Bidder on Two Gulf of Mexico Blocks in Lease Sale 257 and Announces Participation in Upcoming Investor Conferences,"HOUSTON, Nov. 19, 2021 (GLOBE NEWSWIRE) -- W&T Offshore, Inc. (NYSE:WTI) (""W&T"" or the ""Company"") today announced that the Company was the apparent high bidder on two blocks in the Gulf of Mexico Lease Sale 257 held by the Bureau of Ocean Energy Manage"
W&T Offshore: Time To Take A Look,
4 Form - Statement of changes in beneficial ownership of securities - W&T OFFSHORE INC (0001288403) (Issuer),Statement of changes in beneficial ownership of securities
4 Form - Statement of changes in beneficial ownership of securities - W&T OFFSHORE INC (0001288403) (Issuer),Statement of changes in beneficial ownership of securities
4 Form - Statement of changes in beneficial ownership of securities - W&T OFFSHORE INC (0001288403) (Issuer),Statement of changes in beneficial ownership of securities
4 Form - Statement of changes in beneficial ownership of securities - W&T OFFSHORE INC (0001288403) (Issuer),Statement of changes in beneficial ownership of securities
4 Form - Statement of changes in beneficial ownership of securities - W&T OFFSHORE INC (0001288403) (Issuer),Statement of changes in beneficial ownership of securities
4 Form - Statement of changes in beneficial ownership of securities - W&T OFFSHORE INC (0001288403) (Issuer),Statement of changes in beneficial ownership of securities
4 Form - Statement of changes in beneficial ownership of securities - W&T OFFSHORE INC (0001288403) (Issuer),Statement of changes in beneficial ownership of securities
4 Form - Statement of changes in beneficial ownership of securities - W&T OFFSHORE INC (0001288403) (Issuer),Statement of changes in beneficial ownership of securities
4 Form - Statement of changes in beneficial ownership of securities - W&T OFFSHORE INC (0001288403) (Issuer),Statement of changes in beneficial ownership of securities
4 Form - Statement of changes in beneficial ownership of securities - W&T OFFSHORE INC (0001288403) (Issuer),Statement of changes in beneficial ownership of securities
W&T Offshore (WTI) to Acquire Gulf of Mexico Assets for $47M,"The acquisition is expected to increase W&T Offshore's (WTI) acreage by 57,500 gross acres in the Gulf of Mexico."
W&T Offshore Announces Acquisition of Producing Properties in the Gulf of Mexico,"HOUSTON, Jan. 10, 2022 (GLOBE NEWSWIRE) -- W&T Offshore, Inc. (NYSE:WTI) (""W&T"" or the ""Company"") today announced that it has entered into a definitive purchase and sale agreement to acquire working interests in and operatorship of oil and gas producin"
4/A Form - [Amend] Statement of changes in beneficial ownership of securities - W&T OFFSHORE INC (0001288403) (Issuer),[Amend] Statement of changes in beneficial ownership of securities
Oil & Gas Stock Roundup: Week's Action Highlighted by EPD and FTI,"Apart from Enterprise Products Partners (EPD) and TechnipFMC (FTI), developments at W&T Offshore (WTI), Eni (E) and Imperial Oil (IMO) during the week remained in focus."
4/A Form - [Amend] Statement of changes in beneficial ownership of securities - W&T OFFSHORE INC (0001288403) (Issuer),[Amend] Statement of changes in beneficial ownership of securities
SC 13G Form - Statement of acquisition of beneficial ownership by individuals - W&T OFFSHORE INC (0001288403) (Subject),Statement of acquisition of beneficial ownership by individuals
W&T Offshore Announces Closing of Acquisition of Producing Properties in the Gulf of Mexico,"HOUSTON, Feb. 02, 2022 (GLOBE NEWSWIRE) -- W&T Offshore, Inc. (NYSE:WTI) (""W&T"" or the ""Company"") today announced that it has closed its previously announced acquisition of oil and gas producing properties in Federal shallow waters in the central regio"
SC 13G Form - Statement of acquisition of beneficial ownership by individuals - W&T OFFSHORE INC (0001288403) (Subject),Statement of acquisition of beneficial ownership by individuals
W&T Offshore Announces Timing of Fourth Quarter and Full Year 2021 Earnings Release and Conference Call,"HOUSTON, Feb. 22, 2022 (GLOBE NEWSWIRE) -- W&T Offshore, Inc. (NYSE:WTI) (""W&T"" or the ""Company"") announced the timing of its fourth quarter and full year 2021 earnings release and conference call. The Company is scheduled to issue its fourth qu"
30 Stocks Moving in Tuesday's Pre-Market Session,"Gainers  Digital World Acquisition Corp. (NASDAQ: DWAC) rose 28.5% to $108.31 in pre-market trading. Just hours after launching on Sunday night in Apple’s App Store, Donald Trump's new social media app Truth Social encountered a “partial outage.” Truth Social is an app created..."
W&T Offshore to Participate in the 34th Annual Roth Conference,"HOUSTON, March 11, 2022 (GLOBE NEWSWIRE) -- W&T Offshore, Inc. (NYSE:WTI) (""W&T"" or the ""Company"") today announced that the Company is scheduled to participate in the 34th Annual Roth Conference to be held in Dana Point, California on March 13-15, 2"
4 Form - Statement of changes in beneficial ownership of securities - W&T OFFSHORE INC (0001288403) (Issuer),Statement of changes in beneficial ownership of securities
4 Form - Statement of changes in beneficial ownership of securities - W&T OFFSHORE INC (0001288403) (Issuer),Statement of changes in beneficial ownership of securities
4 Form - Statement of changes in beneficial ownership of securities - W&T OFFSHORE INC (0001288403) (Issuer),Statement of changes in beneficial ownership of securities
4 Form - Statement of changes in beneficial ownership of securities - W&T OFFSHORE INC (0001288403) (Issuer),Statement of changes in beneficial ownership of securities
4 Form - Statement of changes in beneficial ownership of securities - W&T OFFSHORE INC (0001288403) (Issuer),Statement of changes in beneficial ownership of securities
"10-K Form - Annual report [Section 13 and 15(d), not S-K Item 405] - W&T OFFSHORE INC (0001288403) (Filer)","Annual report [Section 13 and 15(d), not S-K Item 405]"
Billionaire Investor Says World War 3 Has Likely Begun: Our Top Picks,
W&T Offshore (WTI) Q4 Earnings & Revenues Beat Estimates,Increased natural gas production volumes and higher commodity price realizations aid W&T Offshore's (WTI) earnings in Q4.
"8-K Form - Current report, items 2.02 and 9.01 - W&T OFFSHORE INC (0001288403) (Filer)","Current report, items 2.02 and 9.01"
W&T Offshore Announces Fourth Quarter and Full Year 2021 Results Including Year-End 2021 Proved Reserves; Provides Guidance for 2022,"HOUSTON, March 08, 2022 (GLOBE NEWSWIRE) -- W&T Offshore, Inc. (NYSE:WTI) (""W&T"" or the ""Company"") today reported operational and financial results for the fourth quarter and full year 2021, including the Company's year-end 2021 reserve report. Guidanc"
Here's How Much You Would Have Made Owning W&T Offshore Stock In The Last 5 Years,"W&T Offshore (NYSE:WTI) has outperformed the market over the past 5 years by 6.93% on an annualized basis.  Buying $1,000 In WTI: 5 years ago, an investor could have purchased 373.13 shares of W&T Offshore at the time with $1,000. This investment in WTI would have produced an average annual..."
76 Biggest Movers From Yesterday,Gainers  Houston American Energy Corp. (NYSE: HUSA) surged 494.7% to close at $11.30 on Monday amid continued momentum and an increase in the price of oil. Imperial Petroleum Inc.  (NASDAQ: IMPP) shares gained 121.9% to settle at $7.50 as crude oil surged to new highs. OceanPal Inc.  (NASDAQ: OP)...
"Earnings Scheduled For March 8, 2022",Companies Reporting Before The Bell • Babcock & Wilcox (NYSE:BW) is likely to report quarterly earnings at $0.10 per share on revenue of $196.62 million. • Desktop Metal (NYSE:DM) is projected to report quarterly loss at $0.09 per share on revenue of $49.58 million. •...
46 Stocks Moving In Monday's Mid-Day Session,Gainers  Houston American Energy Corp. (NYSE: HUSA) jumped 137.4% to $4.5150 amid continued momentum and an increase in the price of oil. Imperial Petroleum Inc.  (NASDAQ: IMPP) shares jumped 103.8% to $6.89 as crude oil surged to new highs. Bed Bath & Beyond Inc.  (NASDAQ: BBBY) gained...
42 Stocks Moving in Monday's Pre-Market Session,"Gainers  Nine Energy Service, Inc.  (NYSE: NINE) rose 96.7% to $3.54 in pre-market trading after climbing around 43% on Friday. Shares of low-priced energy stocks jumped as crude surged to new highs. ION Geophysical Corporation (NYSE: IO) rose 82.5% to $1.46 in pre-market trading after..."
424B5 Form - Prospectus [Rule 424(b)(5)] - W&T OFFSHORE INC (0001288403) (Filer),Prospectus [Rule 424(b)(5)]
"8-K Form - Current report, items 1.01 and 9.01 - W&T OFFSHORE INC (0001288403) (Filer)","Current report, items 1.01 and 9.01"
"8-K Form - Current report, items 5.02, 7.01, and 9.01 - W&T OFFSHORE INC (0001288403) (Filer)","Current report, items 5.02, 7.01, and 9.01"
W&T Offshore Announces Promotion of William J. Williford to Chief Operating Officer,"HOUSTON, March 14, 2022 (GLOBE NEWSWIRE) -- W&T Offshore, Inc. (NYSE:WTI) (""W&T"" or the ""Company"") today announced the promotion of William J. Williford to Executive Vice President and Chief Operating Officer. Tracy W. Krohn, W&T's Chairman and CEO,"
W&T Offshore to Participate in the 34th Annual Roth Conference,"HOUSTON, March 11, 2022 (GLOBE NEWSWIRE) -- W&T Offshore, Inc. (NYSE:WTI) (""W&T"" or the ""Company"") today announced that the Company is scheduled to participate in the 34th Annual Roth Conference to be held in Dana Point, California on March 13-15, 2"
DEFA14A Form - Additional definitive proxy soliciting materials and Rule 14(a)(12) material - W&T OFFSHORE INC (0001288403) (Filer),Additional definitive proxy soliciting materials and Rule 14(a)(12) material
DEF 14A Form - Other definitive proxy statements - W&T OFFSHORE INC (0001288403) (Filer),Other definitive proxy statements
4 Form - Statement of changes in beneficial ownership of securities - W&T OFFSHORE INC (0001288403) (Issuer),Statement of changes in beneficial ownership of securities
424B5 Form - Prospectus [Rule 424(b)(5)] - W&T OFFSHORE INC (0001288403) (Filer),Prospectus [Rule 424(b)(5)]
"8-K Form - Current report, items 1.01 and 9.01 - W&T OFFSHORE INC (0001288403) (Filer)","Current report, items 1.01 and 9.01"
W&T Offshore (WTI) Acquires Interests in US Gulf of Mexico,"With the acquisition, W&T Offshore (WTI) adds internally-estimated proved reserves of 1.4 million Boe, and proved and probable reserves of 2 million Boe."
W&T Offshore Announces Bolt-on Acquisition of Producing Properties in the Gulf of Mexico,"HOUSTON, April 05, 2022 (GLOBE NEWSWIRE) -- W&T Offshore, Inc. (NYSE:WTI) (""W&T"" or the ""Company"") today announced that it has acquired the remaining working interests in the oil and gas producing properties purchased earlier this year from an undisclo"
"8-K Form - Current report, items 5.02, 7.01, and 9.01 - W&T OFFSHORE INC (0001288403) (Filer)","Current report, items 5.02, 7.01, and 9.01"
W&T Offshore Announces Change in Senior Management,"HOUSTON, April 11, 2022 (GLOBE NEWSWIRE) -- W&T Offshore, Inc. (NYSE:WTI) (""W&T"" or the ""Company"") today announced that Shahid A. Ghauri, W&T's Vice President, General Counsel and Corporate Secretary is leaving the Company to pursue other personal inte"
W&T Offshore: Fundamentals Are Better Despite The Short Selling,
$100 Invested In W&T Offshore 5 Years Ago Would Be Worth This Much,"W&T Offshore (NYSE:WTI) has outperformed the market over the past 5 years by 7.71% on an annualized basis producing an average annual return of 20.37%. Currently, W&T Offshore has a market capitalization of $747.24 million. Buying $100 In WTI: If an investor had bought $100 of WTI stock 5..."
W&T Offshore Announces Timing of First Quarter 2022 Earnings Release and Conference Call,"HOUSTON, April 20, 2022 (GLOBE NEWSWIRE) -- W&T Offshore, Inc. (NYSE:WTI) (""W&T"" or the ""Company"") announced the timing of its first quarter of 2022 earnings release and conference call. The Company is scheduled to issue its first quarter of 202"
Why Oil Sands Producers Have Been Keeping Their Collective Foot On The Production Accelerator,"FinancialNewsMedia.com News Commentary PALM BEACH, Fla., April 19, 2022 /PRNewswire/ -- Oil sands, the workhorse of Alberta's — and Canada's — crude oil production growth, achieved a record production year in 2021. A steady turnaround in crude oi"
MPLX Gears Up to Report Q1 Earnings: What's in the Offing?,MPLX is likely to have generated stable fee-based revenues in Q1.
"W&T Offshore Announces Issuance of 2021 Corporate Environmental, Social, and Governance Report","HOUSTON, April 28, 2022 (GLOBE NEWSWIRE) -- W&T Offshore, Inc. (NYSE:WTI) (""W&T"" or the ""Company"") today announced that the Company has issued its 2021 Corporate Environmental, Social, and Governance (""ESG"") report, which is now available on W&T's webs"
Phillips 66 (PSX) to Post Q1 Earnings: What's in Store?,A favorable refining business is likely to have aided Phillips 66's (PSX) earnings in Q1.
Is a Beat in Store for ExxonMobil (XOM) in Q1 Earnings?,The higher oil price is likely to have driven ExxonMobil's (XOM) Q1 performance.
Cenovus (CVE) to Report Q1 Earnings: What's in the Cards?,"Higher oil prices, resulting in increased field development costs, are likely to have hurt Cenovus' (CVE) Q1 earnings."
$100 Invested In W&T Offshore 5 Years Ago Would Be Worth This Much,"W&T Offshore (NYSE:WTI) has outperformed the market over the past 5 years by 7.71% on an annualized basis producing an average annual return of 20.37%. Currently, W&T Offshore has a market capitalization of $747.24 million. Buying $100 In WTI: If an investor had bought $100 of WTI stock 5..."
4 Form - Statement of changes in beneficial ownership of securities - W&T OFFSHORE INC (0001288403) (Issuer),Statement of changes in beneficial ownership of securities
4 Form - Statement of changes in beneficial ownership of securities - W&T OFFSHORE INC (0001288403) (Issuer),Statement of changes in beneficial ownership of securities
4 Form - Statement of changes in beneficial ownership of securities - W&T OFFSHORE INC (0001288403) (Issuer),Statement of changes in beneficial ownership of securities
"8-K Form - Current report, items 5.02 and 5.07 - W&T OFFSHORE INC (0001288403) (Filer)","Current report, items 5.02 and 5.07"
W&T Offshore Announces Promotion of Trey Hartman to Vice President and Chief Accounting Officer,"HOUSTON, May 05, 2022 (GLOBE NEWSWIRE) -- W&T Offshore, Inc. (NYSE:WTI) (""W&T"" or the ""Company"") today announced the promotion of Bart P. ""Trey"" Hartman, III to Vice President and Chief Accounting Officer. Janet Yang, W&T's Executive Vice President"
10-Q Form - Quarterly report [Sections 13 or 15(d)] - W&T OFFSHORE INC (0001288403) (Filer),Quarterly report [Sections 13 or 15(d)]
10-Q Form - Quarterly report [Sections 13 or 15(d)] - W&T OFFSHORE INC (0001288403) (Filer),Quarterly report [Sections 13 or 15(d)]
50 Stocks Moving In Wednesday's Mid-Day Session,"Gainers  Rail Vision Ltd. (NASDAQ: RVSN) shares jumped 51.7% to $2.0180 after gaining around 5% on Tuesday. Sharps Technology, Inc.  (NASDAQ: STSS) rose 31.4% to $1.6815 after climbing around 6% on Tuesday. TransMedics Group, Inc. (NASDAQ: TMDX) gained 29.3% to $28.28 after better than expected Q1..."
"8-K Form - Current report, items 2.02 and 9.01 - W&T OFFSHORE INC (0001288403) (Filer)","Current report, items 2.02 and 9.01"
W&T Offshore Announces First Quarter 2022 Results,"HOUSTON, May 03, 2022 (GLOBE NEWSWIRE) -- W&T Offshore, Inc. (NYSE:WTI) (""W&T"" or the ""Company"") today reported operational and financial results for the first quarter 2022. This press release includes non-GAAP financial measures, including Adjusted Ne"
"Registration is Open for EnerCom Denver - The Energy Investment Conference, August 7-10, 2022 in Denver, Colorado","EnerCom Denver - The Energy Investment Conference will celebrate its 27th year of bringing a broad group of public and private energy companies, energy analysts, industry leaders and investors to Denver, Aug. 7-10, 2022 DENVER, May 3, 2022 /PRNewswire/"
"If You Invested $1000 In W&T Offshore 5 Years Ago, Here's How Much You Would Have Today","W&T Offshore (NYSE:WTI) has outperformed the market over the past 5 years by 5.45% on an annualized basis producing an average annual return of 17.05%. Currently, W&T Offshore has a market capitalization of $685.03 million. Buying $1000 In WTI: If an investor had bought $1000 of WTI stock 5..."
Equinor (EQNR) to Post Q1 Earnings: What's in the Offing?,A favorable commodity pricing scenario is likely to have aided Equinor's (EQNR) earnings in Q1.
Centennial (CDEV) to Report Q1 Earnings: What's in the Cards?,Higher oil and natural gas prices are likely to have aided Centennial's (CDEV) bottom line in Q1.
Chesapeake (CHK) to Report Q1 Earnings: What's in Store?,A favorable commodity pricing scenario is likely to have aided Chesapeake's (CHK) earnings in Q1.
MPLX Gears Up to Report Q1 Earnings: What's in the Offing?,MPLX is likely to have generated stable fee-based revenues in Q1.
W&T Offshore (WTI) Stock Up 3% Since Posting Q1 Earnings Beat,Higher realization of commodity prices aids W&T Offshore's (WTI) earnings in Q1.
W&T Offshore Announces Retirement of Steve L. Schroeder and Names Huan Gamblin Vice President of Business Development,"HOUSTON, May 10, 2022 (GLOBE NEWSWIRE) -- W&T Offshore, Inc. (NYSE:WTI) (""W&T"" or the ""Company"") today announced that Stephen L. Schroeder, Senior Vice President and Chief Technical Officer, is retiring effective June 1, 2022. Mr. Schroeder joined W&T"
3 Form - Initial statement of beneficial ownership of securities - W&T OFFSHORE INC (0001288403) (Issuer),Initial statement of beneficial ownership of securities
"8-K Form - Current report, items 5.02, 7.01, and 9.01 - W&T OFFSHORE INC (0001288403) (Filer)","Current report, items 5.02, 7.01, and 9.01"
W&T Offshore (WTI) Stock Up 3% Since Posting Q1 Earnings Beat,Higher realization of commodity prices aids W&T Offshore's (WTI) earnings in Q1.
Here's How Much $100 Invested In W&T Offshore 5 Years Ago Would Be Worth Today,"W&T Offshore (NYSE:WTI) has outperformed the market over the past 5 years by 13.44% on an annualized basis producing an average annual return of 23.71%. Currently, W&T Offshore has a market capitalization of $850.92 million.  Buying $100 In WTI: If an investor had bought $100 of WTI stock 5..."
4 Form - Statement of changes in beneficial ownership of securities - W&T OFFSHORE INC (0001288403) (Issuer),Statement of changes in beneficial ownership of securities
4 Form - Statement of changes in beneficial ownership of securities - W&T OFFSHORE INC (0001288403) (Issuer),Statement of changes in beneficial ownership of securities
4 Form - Statement of changes in beneficial ownership of securities - W&T OFFSHORE INC (0001288403) (Issuer),Statement of changes in beneficial ownership of securities
4 Form - Statement of changes in beneficial ownership of securities - W&T OFFSHORE INC (0001288403) (Issuer),Statement of changes in beneficial ownership of securities
4 Form - Statement of changes in beneficial ownership of securities - W&T OFFSHORE INC (0001288403) (Issuer),Statement of changes in beneficial ownership of securities
W&T Offshore Announces Participation in Upcoming Investor Events,"HOUSTON, May 31, 2022 (GLOBE NEWSWIRE) -- W&T Offshore, Inc. (NYSE:WTI) (""W&T"" or the ""Company"") today announced that the Company will be participating at the following upcoming investor events: Louisiana Energy Conference 2022 – Chairman and Chi"
"EnerCom Announces Preliminary Line-Up of Presenting Companies for EnerCom Denver - The Energy Investment Conference Hosted in Denver, August 7-10, 2022","EnerCom Denver - The Energy Investment Conference will celebrate its 27th year of bringing a broad group of public and private energy companies, energy analysts, industry leaders and investors to Denver, Aug. 7-10, 2022 Registration is Open for EnerCom"
W&T Offshore: Unique Approach To Hedging,
Drill Baby Drill: Vaalco Energy,
3 Form - Initial statement of beneficial ownership of securities - W&T OFFSHORE INC (0001288403) (Issuer),Initial statement of beneficial ownership of securities
"8-K Form - Current report, items 7.01, 8.01, and 9.01 - W&T OFFSHORE INC (0001288403) (Filer)","Current report, items 7.01, 8.01, and 9.01"
W&T Offshore Announces Appointment of General Counsel,"HOUSTON, June 15, 2022 (GLOBE NEWSWIRE) -- W&T Offshore, Inc. (NYSE:WTI) (""W&T"" or the ""Company"") today announced the appointment of Jonathan Curth to Executive Vice President, General Counsel and Corporate Secretary, effective June 14, 2022. Mr. Curth"
4 Form - Statement of changes in beneficial ownership of securities - W&T OFFSHORE INC (0001288403) (Issuer),Statement of changes in beneficial ownership of securities
"EnerCom Announces Preliminary Presentation Times and Schedule for Participating Companies at EnerCom Denver - The Energy Investment Conference Hosted in Denver, August 7-10, 2022","Registration is Open Now for EnerCom Denver with One-on-One Meeting Requests Opening for Qualified Investors on July 1st DENVER, June 28, 2022 /PRNewswire/ -- EnerCom, Inc. announced today that it has published the preliminary presentation times and s"
"EnerCom Announces Company One-on-One Meeting Requests Opened Now for Qualified Investors for EnerCom Denver - The Energy Investment Conference Hosted in Denver, August 7-10, 2022","Preliminary Presentation Times and Schedule for Participating Companies at EnerCom Denver Now Posted on the Conference Website DENVER, July 6, 2022 /PRNewswire/ -- EnerCom, Inc. announced today that institutional investors, portfolio managers, financia"
"EnerCom Announces Keynote Speakers and Panel Topics for EnerCom Denver - The Energy Investment Conference Hosted in Denver, August 7-10, 2022","Lunch Keynote Presentations Feature BPX Energy, Vivek Ramaswamy with Strive Wealth Management and Petrie Partners Panels include discussions on Capital Allocation, Responsibly Sourced Gas, Private Capital, Carbon Capture, Renewable Natural Gas, ESG, Pr"
W&T Offshore Announces Timing of Second Quarter 2022 Earnings and Participation in Investor Relations Event,"HOUSTON, Aug. 05, 2022 (GLOBE NEWSWIRE) -- W&T Offshore, Inc. (NYSE:WTI) (""W&T"" or the ""Company"") today announced the timing of its second quarter of 2022 earnings release and conference call, as well as its participation in an upcoming investor relati"
"8-K Form - Current report, items 8.01 and 9.01 - W&T OFFSHORE INC (0001288403) (Filer)","Current report, items 8.01 and 9.01"
"EnerCom Denver - The Energy Investment Conference August 7-10, 2022 puts Spotlight on Oil and Gas Companies from US, Canada, South America and Africa","Lunch Keynote Presentations Feature BPX Energy, Vivek Ramaswamy with Strive Wealth Management and Petrie Partners Panels include discussions on Capital Allocation, Responsibly Sourced Gas, Private Capital, Carbon Capture, Renewable Natural Gas, ESG, Pr"
Talos Energy: The Inflation Reduction Act Could Bring 2 Positives,
"8-K Form - Current report, items 2.02 and 9.01 - W&T OFFSHORE INC (0001288403) (Filer)","Current report, items 2.02 and 9.01"
W&T Offshore Announces Strong Second Quarter 2022 Results,"HOUSTON, Aug. 08, 2022 (GLOBE NEWSWIRE) -- W&T Offshore, Inc. (NYSE:WTI) (""W&T"" or the ""Company"") today reported operational and financial results for the second quarter 2022. This press release includes non-GAAP financial measures, including Adjusted"
10-Q Form - Quarterly report [Sections 13 or 15(d)] - W&T OFFSHORE INC (0001288403) (Filer),Quarterly report [Sections 13 or 15(d)]
W&T Offshore Announces Timing of Second Quarter 2022 Earnings and Participation in Investor Relations Event,"HOUSTON, Aug. 05, 2022 (GLOBE NEWSWIRE) -- W&T Offshore, Inc. (NYSE:WTI) (""W&T"" or the ""Company"") today announced the timing of its second quarter of 2022 earnings release and conference call, as well as its participation in an upcoming investor relati"
"8-K Form - Current report, items 8.01 and 9.01 - W&T OFFSHORE INC (0001288403) (Filer)","Current report, items 8.01 and 9.01"
W&T Offshore Announces Participation in Upcoming Investor Events,"HOUSTON, Aug. 18, 2022 (GLOBE NEWSWIRE) -- W&T Offshore, Inc. (NYSE:WTI) (""W&T"" or the ""Company"") today announced that the Company will be participating at the following upcoming investor events: Seaport Research Partners Annual Summer Investor C"
"W&T Offshore (WTI) Tops Q2 Earnings Estimates, Ups Output View",Higher production and commodity price realizations aid W&T Offshore's (WTI) earnings in Q2.
SC 13G Form - Statement of acquisition of beneficial ownership by individuals - W&T OFFSHORE INC (0001288403) (Subject),Statement of acquisition of beneficial ownership by individuals
"UPDATE 1-W&T Offshore to refinance debt, pursue new Gulf of Mexico deals -CEO","Oil and gas producer W&T Offshore aims to refinance notes due in late 2023 using some of the proceeds from closing profitable hedges, Chief Executive Tracy Krohn said on Wednesday."
Hot Inflation Double Slaps The Market: Top 5 Stocks To Buy,
Rally Hat: Top 2 Growth Stocks,
Hot Inflation Double Slaps The Market: Top 5 Stocks To Buy,
Buy W&T Offshore Stock As Its Second Half Results Will Be Strong,
W&T Offshore: A Coiled Spring Ready To Jump Higher,
"Stifel Reinstates Buy on W&amp;T Offshore, Announces $9.1 Price Target",Stifel analyst Derrick Whitfield reinstates W&amp;T Offshore with a Buy and announces $9.1 price target.
W&amp;T Offshore Announces Timing of Third Quarter 2022 Earnings,"HOUSTON, Oct. 31, 2022 (GLOBE NEWSWIRE) -- W&amp;T Offshore, Inc. (NYSE:WTI) (&#34;W&amp;T&#34; or the &#34;Company&#34;) today announced the timing of its third quarter of 2022 earnings release and conference call. The Company is"
"W&T Offshore (WTI) Beats on Q3 Earnings, Lowers Capex Guidance",Higher production and commodity price realizations aid W&T Offshore's (WTI) earnings in Q3.
5 Stocks Trading Near 52-Week High That Can Scale Higher,"Investors target stocks that have been on a bullish run lately. Stocks like ADM, OI, AIT, RPM and WTI that are seeing price strength have a high chance of carrying the momentum forward."
10-Q Form - Quarterly report [Sections 13 or 15(d)] - W&T OFFSHORE INC (0001288403) (Filer),Quarterly report [Sections 13 or 15(d)]
W&amp;T Offshore Announces Third Quarter 2022 Results,"HOUSTON, Nov. 08, 2022 (GLOBE NEWSWIRE) -- W&amp;T Offshore, Inc. (NYSE:WTI) (&#34;W&amp;T&#34; or the &#34;Company&#34;) today reported operational and financial results for the third quarter of 2022. This press release includes"
"8-K Form - Current report, items 2.02 and 9.01 - W&T OFFSHORE INC (0001288403) (Filer)","Current report, items 2.02 and 9.01"
SM Energy (SM) Stock Up 6.3% Since Q3 Earnings Beat Estimates,Higher realizations of commodity prices aid SM Energy's (SM) earnings in Q3.
Dril-Quip (DRQ) Shares Gain 1.6% as Q3 Earnings Beat Estimates,Increased product revenues aid Dril-Quip's (DRQ) earnings in Q3.
Enbridge (ENB) Shares Up 4.6% Since Q3 Earnings Beat Estimates,Higher contribution from the Liquids Pipelines segment aids Enbridge's (ENB) earnings in Q3.
Callon (CPE) Shares Gain 5.5% Since Q3 Earnings Beat Estimates,Higher production and commodity price realizations aid Callon's (CPE) earnings in Q3.
"W&T Offshore (WTI) Beats on Q3 Earnings, Lowers Capex Guidance",Higher production and commodity price realizations aid W&T Offshore's (WTI) earnings in Q3.
5 Stocks Trading Near 52-Week High That Can Scale Higher,"Investors target stocks that have been on a bullish run lately. Stocks like ADM, OI, AIT, RPM and WTI that are seeing price strength have a high chance of carrying the momentum forward."
SM Energy (SM) Stock Up 6.3% Since Q3 Earnings Beat Estimates,Higher realizations of commodity prices aid SM Energy's (SM) earnings in Q3.
W&amp;T Offshore Announces Management Promotions,"HOUSTON, Dec. 01, 2022 (GLOBE NEWSWIRE) -- W&amp;T Offshore, Inc. (NYSE:WTI) (&#34;W&amp;T&#34; or the &#34;Company&#34;) today announced the promotion of W. Allen Tate to Senior Vice President of Marketing, Jake G. Woodall to Vice"
W&T Offshore: A Solid Buy For Energy Exposure,
4 Energy Stocks That Wall Street Analysts Love Don't Cost Much,"We are betting on four top-ranked stocks NEX, WTTR, KOS and WTI to capitalize on elevated oil prices. Apart from being inexpensive, these companies are also recommended by brokers."
Vista Energy: A Great Buy To Capture Oil Growth,
W&T Offshore: A Solid Buy For Energy Exposure,
W&T Offshore: Even The Bonds Are Undervalued - Buy,
W&T Offshore: Even The Bonds Are Undervalued - Buy,
4 Form - Statement of changes in beneficial ownership of securities - W&T OFFSHORE INC (0001288403) (Issuer),Statement of changes in beneficial ownership of securities
4 Form - Statement of changes in beneficial ownership of securities - W&T OFFSHORE INC (0001288403) (Issuer),Statement of changes in beneficial ownership of securities
4 Form - Statement of changes in beneficial ownership of securities - W&T OFFSHORE INC (0001288403) (Issuer),Statement of changes in beneficial ownership of securities
4 Form - Statement of changes in beneficial ownership of securities - W&T OFFSHORE INC (0001288403) (Issuer),Statement of changes in beneficial ownership of securities
4 Form - Statement of changes in beneficial ownership of securities - W&T OFFSHORE INC (0001288403) (Issuer),Statement of changes in beneficial ownership of securities
"8-K Form - Current report, items 7.01 and 9.01 - W&T OFFSHORE INC (0001288403) (Filer)","Current report, items 7.01 and 9.01"
W&amp;T Offshore Prices $275 Million Senior Second Lien Notes Offering,"HOUSTON, Jan. 12, 2023 (GLOBE NEWSWIRE) -- W&amp;T Offshore, Inc. (NYSE:WTI) (&#34;W&amp;T Offshore&#34; or the &#34;Company&#34;) today announced the pricing of its previously announced offering of $275 million in aggregate principal"
W&T Offshore: China Steps In To Change The Game,
"8-K Form - Current report, items 7.01 and 9.01 - W&T OFFSHORE INC (0001288403) (Filer)","Current report, items 7.01 and 9.01"
W&amp;T Offshore Announces Proposed Senior Second Lien Notes Offering,"HOUSTON, Jan. 09, 2023 (GLOBE NEWSWIRE) -- W&amp;T Offshore, Inc. (NYSE:WTI) (&#34;W&amp;T Offshore&#34; or the &#34;Company&#34;) today announced its intention to offer, subject to market and other conditions, $275 million in"
W&T Offshore: Very Good News Might Only Be Weeks Away (Rating Upgrade),
W&T Offshore: Misunderstood And Undervalued,
Chord Energy Corporation: An Interesting Bet On Oil And Gas Growth,
"8-K Form - Current report, items 1.01, 1.02, 2.03, 7.01, and 9.01 - W&T OFFSHORE INC (0001288403) (Filer)","Current report, items 1.01, 1.02, 2.03, 7.01, and 9.01"
W&amp;T Offshore Announces Closing of $275 Million Senior Second Lien Notes Offering,"HOUSTON, Jan. 30, 2023 (GLOBE NEWSWIRE) -- W&amp;T Offshore, Inc. (NYSE:WTI) (&#34;W&amp;T Offshore&#34; or the &#34;Company&#34;) today announced the closing of its previously announced offering of $275 million in aggregate principal"
SC 13G/A Form - [Amend] Statement of acquisition of beneficial ownership by individuals - W&T OFFSHORE INC (0001288403) (Subject),[Amend] Statement of acquisition of beneficial ownership by individuals
SC 13G Form - Statement of acquisition of beneficial ownership by individuals - W&T OFFSHORE INC (0001288403) (Subject),Statement of acquisition of beneficial ownership by individuals
W&amp;T Offshore Announces Timing of Fourth Quarter and Full Year 2022 Earnings Reporting and Participation in the 35th Annual Roth Conference,"HOUSTON, Feb. 27, 2023 (GLOBE NEWSWIRE) -- W&amp;T Offshore, Inc. (NYSE:WTI) (&#34;W&amp;T&#34; or the &#34;Company&#34;) today announced the timing of its fourth quarter and full year 2022 earnings release and conference call, as"
"10-K Form - Annual report [Section 13 and 15(d), not S-K Item 405] - W&T OFFSHORE INC (0001288403) (Filer)","Annual report [Section 13 and 15(d), not S-K Item 405]"
"W&T Offshore (WTI) Beats on Q4 Earnings, Ups 2023 Capex Outlook",Higher production and commodity price realizations aid W&T Offshore's (WTI) Q4 earnings.
"8-K Form - Current report, items 2.02 and 9.01 - W&T OFFSHORE INC (0001288403) (Filer)","Current report, items 2.02 and 9.01"
W&amp;T Offshore Announces Fourth Quarter and Full Year 2022 Results Including Year-End 2022 Proved Reserves; Provides Guidance for 2023,"HOUSTON, March 07, 2023 (GLOBE NEWSWIRE) -- W&amp;T Offshore, Inc. (NYSE:WTI) (&#34;W&amp;T&#34; or the &#34;Company&#34;) today reported operational and financial results for the fourth quarter and full year 2022, including the"
W&T Offshore: The Current Weakness Creates A Buying Opportunity,
W&T Offshore Chief Financial Officer Janet Yang Leaving,"Independent oil and natural gas producer said Trey Hartman, vice president and chief accounting officer, will serve in interim."
"8-K Form - Current report, items 5.02, 7.01, and 9.01 - W&T OFFSHORE INC (0001288403) (Filer)","Current report, items 5.02, 7.01, and 9.01"
W&amp;T Offshore Announces Management Change,"HOUSTON, April 06, 2023 (GLOBE NEWSWIRE) -- W&amp;T Offshore, Inc. (NYSE:WTI) (&#34;W&amp;T&#34; or the &#34;Company&#34;) today announced that Janet Yang, Executive Vice President and Chief Financial Officer, will be leaving the"
W&amp;T Offshore Apparent High Bidder on Two Gulf of Mexico Blocks in Lease Sale 259,"HOUSTON, April 04, 2023 (GLOBE NEWSWIRE) -- W&amp;T Offshore, Inc. (NYSE:WTI) (&#34;W&amp;T&#34; or the &#34;Company&#34;) today announced that the Company was the apparent high bidder on two blocks in the Gulf of Mexico (&#34;GOM&#34;) Lease"
"Want to play higher oil prices? Analysts back these stocks, giving one over 160% upside","Oil prices could be heading for $100 a barrel, analysts say. CNBC Pro screens for buy-rated energy stocks with potential upside."
"Stifel Maintains Buy on W&amp;T Offshore, Lowers Price Target to $8",Stifel analyst Derrick Whitfield maintains W&amp;T Offshore with a Buy and lowers the price target from $8.9 to $8.
PRE 14A Form - Other preliminary proxy statements - W&T OFFSHORE INC (0001288403) (Filer),Other preliminary proxy statements
"Stifel Maintains Buy on W&amp;T Offshore, Lowers Price Target to $8",Stifel analyst Derrick Whitfield maintains W&amp;T Offshore with a Buy and lowers the price target from $8.9 to $8.
W&amp;T Offshore Announces Timing of First Quarter 2023 Earnings Release and Conference Call,"HOUSTON, April 28, 2023 (GLOBE NEWSWIRE) -- W&amp;T Offshore, Inc. (NYSE:WTI) today announced the timing of its first quarter 2023 earnings release and conference call. The Company said it will issue its first quarter"
"Stifel Maintains Buy on W&amp;T Offshore, Raises Price Target to $8.2",Stifel analyst Derrick Whitfield maintains W&amp;T Offshore with a Buy and raises the price target from $8 to $8.2.
"8-K Form - Current report, items 5.02, 5.03, and 9.01 - W&T OFFSHORE INC (0001288403) (Filer)","Current report, items 5.02, 5.03, and 9.01"
3 Form - Initial statement of beneficial ownership of securities - W&T OFFSHORE INC (0001288403) (Issuer),Initial statement of beneficial ownership of securities
ARS Form - Annual Report to Security Holders - W&T OFFSHORE INC (0001288403) (Filer),Annual Report to Security Holders
DEFA14A Form - Additional definitive proxy soliciting materials and Rule 14(a)(12) material - W&T OFFSHORE INC (0001288403) (Filer),Additional definitive proxy soliciting materials and Rule 14(a)(12) material
DEF 14A Form - Other definitive proxy statements - W&T OFFSHORE INC (0001288403) (Filer),Other definitive proxy statements
"8-K Form - Current report, items 5.02, 7.01, and 9.01 - W&T OFFSHORE INC (0001288403) (Filer)","Current report, items 5.02, 7.01, and 9.01"
W&amp;T Announces Addition to Its Board of Directors,"HOUSTON, May 01, 2023 (GLOBE NEWSWIRE) -- W&amp;T Offshore, Inc. (NYSE:WTI) (&#34;W&amp;T&#34; or the &#34;Company&#34;) today announced that Dr. Nancy Chang was appointed as a new independent director to the Company&#39;s Board of"
W&amp;T Offshore Announces Timing of First Quarter 2023 Earnings Release and Conference Call,"HOUSTON, April 28, 2023 (GLOBE NEWSWIRE) -- W&amp;T Offshore, Inc. (NYSE:WTI) today announced the timing of its first quarter 2023 earnings release and conference call. The Company said it will issue its first quarter"
10-Q Form - Quarterly report [Sections 13 or 15(d)] - W&T OFFSHORE INC (0001288403) (Filer),Quarterly report [Sections 13 or 15(d)]
"8-K Form - Current report, items 2.02 and 9.01 - W&T OFFSHORE INC (0001288403) (Filer)","Current report, items 2.02 and 9.01"
W&amp;T Offshore Announces First Quarter 2023 Results,"HOUSTON, May 09, 2023 (GLOBE NEWSWIRE) -- W&amp;T Offshore, Inc. (NYSE:WTI) (&#34;W&amp;T&#34; or the &#34;Company&#34;) today reported operational and financial results for the first quarter of 2023. This press release includes"
"8-K Form - Current report, items 1.01, 2.03, and 9.01 - W&T OFFSHORE INC (0001288403) (Filer)","Current report, items 1.01, 2.03, and 9.01"
W&amp;T Announces Participation in Upcoming Investor Events,"HOUSTON, May 25, 2023 (GLOBE NEWSWIRE) -- W&amp;T Offshore, Inc. (NYSE:WTI) (&#34;W&amp;T&#34; or the &#34;Company&#34;) today announced that the Company will be participating at the following upcoming investor events: Louisiana"
DEFA14A Form - Additional definitive proxy soliciting materials and Rule 14(a)(12) material - W&T OFFSHORE INC (0001288403) (Filer),Additional definitive proxy soliciting materials and Rule 14(a)(12) material
"8-K Form - Current report, items 1.01, 2.03, and 9.01 - W&T OFFSHORE INC (0001288403) (Filer)","Current report, items 1.01, 2.03, and 9.01"
"Stifel Maintains Buy on W&amp;T Offshore, Lowers Price Target to $7.9",Stifel analyst Derrick Whitfield maintains W&amp;T Offshore with a Buy and lowers the price target from $8.2 to $7.9.
4 Form - Statement of changes in beneficial ownership of securities - W&T OFFSHORE INC (0001288403) (Issuer),Statement of changes in beneficial ownership of securities
4 Form - Statement of changes in beneficial ownership of securities - W&T OFFSHORE INC (0001288403) (Issuer),Statement of changes in beneficial ownership of securities
4 Form - Statement of changes in beneficial ownership of securities - W&T OFFSHORE INC (0001288403) (Issuer),Statement of changes in beneficial ownership of securities
4 Form - Statement of changes in beneficial ownership of securities - W&T OFFSHORE INC (0001288403) (Issuer),Statement of changes in beneficial ownership of securities
DEFA14A Form - Additional definitive proxy soliciting materials and Rule 14(a)(12) material - W&T OFFSHORE INC (0001288403) (Filer),Additional definitive proxy soliciting materials and Rule 14(a)(12) material
"W&amp;T Announces Participation in Water Tower Research Fireside Chat on Thursday, June 15, 2023","HOUSTON, June 13, 2023 (GLOBE NEWSWIRE) -- W&amp;T Offshore, Inc. (NYSE:WTI) (&#34;W&amp;T&#34; or the &#34;Company&#34;) today announced its participation in an investor event hosted by Water Tower Research (&#34;WTR&#34;) on Thursday, June"
W&amp;T Offshore Appoints Sameer Parasnis as Executive Vice President and Chief Financial Officer,"HOUSTON, June 22, 2023 (GLOBE NEWSWIRE) -- W&amp;T Offshore, Inc. (NYSE:WTI) (&#34;W&amp;T&#34; or the &#34;Company&#34;) today announced the appointment of Sameer Parasnis to the position of Executive Vice President and Chief"
S-8 Form - Securities to be offered to employees in employee benefit plans - W&T OFFSHORE INC (0001288403) (Filer),Securities to be offered to employees in employee benefit plans
"8-K Form - Current report, items 5.02, 5.03, 5.07, and 9.01 - W&T OFFSHORE INC (0001288403) (Filer)","Current report, items 5.02, 5.03, 5.07, and 9.01"
"8-K Form - Current report, items 5.02 and 9.01 - W&T OFFSHORE INC (0001288403) (Filer)","Current report, items 5.02 and 9.01"
4 Form - Statement of changes in beneficial ownership of securities - W&T OFFSHORE INC (0001288403) (Issuer),Statement of changes in beneficial ownership of securities
4 Form - Statement of changes in beneficial ownership of securities - W&T OFFSHORE INC (0001288403) (Issuer),Statement of changes in beneficial ownership of securities
4 Form - Statement of changes in beneficial ownership of securities - W&T OFFSHORE INC (0001288403) (Issuer),Statement of changes in beneficial ownership of securities
4 Form - Statement of changes in beneficial ownership of securities - W&T OFFSHORE INC (0001288403) (Issuer),Statement of changes in beneficial ownership of securities
4 Form - Statement of changes in beneficial ownership of securities - W&T OFFSHORE INC (0001288403) (Issuer),Statement of changes in beneficial ownership of securities
3 Form - Initial statement of beneficial ownership of securities - W&T OFFSHORE INC (0001288403) (Issuer),Initial statement of beneficial ownership of securities
W&amp;T Offshore Announces Timing of Second Quarter 2023 Earnings Release and Conference Call,"HOUSTON, July 24, 2023 (GLOBE NEWSWIRE) -- W&amp;T Offshore, Inc. (NYSE:WTI) today announced the timing of its second quarter 2023 earnings release and conference call. The Company said it will issue its second"
10-Q Form - Quarterly report [Sections 13 or 15(d)] - W&T OFFSHORE INC (0001288403) (Filer),Quarterly report [Sections 13 or 15(d)]
"8-K Form - Current report, items 2.02 and 9.01 - W&T OFFSHORE INC (0001288403) (Filer)","Current report, items 2.02 and 9.01"
W&amp;T Offshore Announces Second Quarter 2023 Results,"HOUSTON, Aug. 01, 2023 (GLOBE NEWSWIRE) -- W&amp;T Offshore, Inc. (NYSE:WTI) (&#34;W&amp;T&#34; or the &#34;Company&#34;) today reported operational and financial results for the second quarter of 2023. This press release includes"
W&amp;T Offshore Announces Participation in Upcoming Investor Conferences,"HOUSTON, Aug. 10, 2023 (GLOBE NEWSWIRE) -- W&amp;T Offshore, Inc. (NYSE:WTI) today announced participation in several upcoming energy investor conferences. W&amp;T will participate in the EnerCom Denver Conference"
"W&amp;T Offshore Issues 2022 Corporate Environmental, Social, and Governance Report","HOUSTON, Aug. 16, 2023 (GLOBE NEWSWIRE) -- W&amp;T Offshore, Inc. (NYSE:WTI) (the &#34;Company&#34; or &#34;W&amp;T&#34;) today announced that the Company has issued its 2022 Corporate Environmental, Social, and Governance (&#34;ESG&#34;)"
"Stifel Maintains Buy on W&amp;T Offshore, Raises Price Target to $8.3",Stifel analyst Derrick Whitfield maintains W&amp;T Offshore with a Buy and raises the price target from $7.9 to $8.3.
"Stifel Maintains Buy on W&amp;T Offshore, Raises Price Target to $8.3",Stifel analyst Derrick Whitfield maintains W&amp;T Offshore with a Buy and raises the price target from $7.9 to $8.3.
W&amp;T Offshore Announces Management Promotion,"HOUSTON, Sept. 05, 2023 (GLOBE NEWSWIRE) -- W&amp;T Offshore, Inc. (NYSE:WTI) (the &#34;Company&#34; or &#34;W&amp;T&#34;) today announced the promotion of Ford A. Peters to Vice President of Land. Tracy W. Krohn, W&amp;T&#39;s"
W&amp;T Offshore Announces Participation in Pareto Securities&#39; 30th Annual Energy Conference,"HOUSTON, Sept. 14, 2023 (GLOBE NEWSWIRE) -- W&amp;T Offshore, Inc. (NYSE:WTI) today announced its participation in Pareto Securities&#39; 30th Annual Energy Conference in Oslo, Norway on September 20-21, 2023. Tracy"
"8-K Form - Current report, items 7.01 and 9.01 - W&T OFFSHORE INC (0001288403) (Filer)","Current report, items 7.01 and 9.01"
W&amp;T Offshore Announces Accretive Acquisition of Producing Properties in the Gulf of Mexico,"HOUSTON, Sept. 21, 2023 (GLOBE NEWSWIRE) -- W&amp;T Offshore, Inc. (NYSE:WTI) (the &#34;Company&#34; or &#34;W&amp;T&#34;) today announced that it has completed the acquisition of working interests in eight shallow water oil and gas"
"8-K Form - Current report, items 1.01 and 9.01 - W&T OFFSHORE INC (0001288403) (Filer)","Current report, items 1.01 and 9.01"
4 Form - Statement of changes in beneficial ownership of securities - W&T OFFSHORE INC (0001288403) (Issuer),Statement of changes in beneficial ownership of securities
4 Form - Statement of changes in beneficial ownership of securities - W&T OFFSHORE INC (0001288403) (Issuer),Statement of changes in beneficial ownership of securities
4 Form - Statement of changes in beneficial ownership of securities - W&T OFFSHORE INC (0001288403) (Issuer),Statement of changes in beneficial ownership of securities
"8-K Form - Current report, items 1.01 and 9.01 - W&T OFFSHORE INC (0001288403) (Filer)","Current report, items 1.01 and 9.01"
W&amp;T Offshore Announces Addition to Management Team with Vice President of HSE&amp;R,"HOUSTON, Oct. 10, 2023 (GLOBE NEWSWIRE) -- W&amp;T Offshore, Inc. (NYSE:WTI) (the &#34;Company&#34; or &#34;W&amp;T&#34;) today announced the appointment of John Poole to the position of Vice President Health, Safety, Environmental"
"8-K Form - Current report, items 1.01 and 9.01 - W&T OFFSHORE INC (0001288403) (Filer)","Current report, items 1.01 and 9.01"
"8-K Form - Current report, item 1.02 - W&T OFFSHORE INC (0001288403) (Filer)","Current report, item 1.02"
W&amp;T Offshore Announces Timing of Third Quarter 2023 Earnings Release and Conference Call,"HOUSTON, Oct. 24, 2023 (GLOBE NEWSWIRE) -- W&amp;T Offshore, Inc. (NYSE:WTI) today announced the timing of its third quarter 2023 earnings release and conference call. The Company said it will issue its third"
"W&T Offshore, Inc. (WTI) Q3 2023 Earnings Call Transcript","W&T Offshore, Inc. (WTI) Q3 2023 Earnings Call Transcript"
"8-K Form - Current report, items 8.01 and 9.01 - W&T OFFSHORE INC (0001288403) (Filer)","Current report, items 8.01 and 9.01"
W&amp;T Offshore Announces Implementation of Quarterly Cash Dividend,"HOUSTON, Nov. 08, 2023 (GLOBE NEWSWIRE) -- W&amp;T Offshore, Inc. (NYSE:WTI) (&#34;W&amp;T&#34; or the &#34;Company&#34;) today announced that its Board of Directors has approved the implementation of a quarterly cash dividend payable"
10-Q Form - Quarterly report [Sections 13 or 15(d)] - W&T OFFSHORE INC (0001288403) (Filer),Quarterly report [Sections 13 or 15(d)]
"8-K Form - Current report, items 2.02 and 9.01 - W&T OFFSHORE INC (0001288403) (Filer)","Current report, items 2.02 and 9.01"
W&amp;T Offshore Announces Third Quarter 2023 Results,"HOUSTON, Nov. 07, 2023 (GLOBE NEWSWIRE) -- W&amp;T Offshore, Inc. (NYSE:WTI) (&#34;W&amp;T&#34; or the &#34;Company&#34;) today reported operational and financial results for the third quarter of 2023. This press release includes"
